%dir,flowInd,duration,l4Proto,numPktsSnt,numPktsRcvd,numBytesSnt,numBytesRcvd,minPktSz,maxPktSz,avePktSize,stdPktSize,minIAT,maxIAT,aveIAT,stdIAT,pktps,bytps,pktAsm,bytAsm,ipMindIPID,ipMaxdIPID,ipMinTTL,ipMaxTTL,ipTTLChg,tcpISeqN,tcpPSeqCnt,tcpSeqSntBytes,tcpSeqFaultCnt,tcpPAckCnt,tcpFlwLssAckRcvdBytes,tcpAckFaultCnt,tcpInitWinSz,tcpAveWinSz,tcpMinWinSz,tcpMaxWinSz,tcpWinSzDwnCnt,tcpWinSzUpCnt,tcpWinSzChgDirCnt,tcpWinSzThRt,tcpOptPktCnt,tcpOptCnt,tcpMSS,tcpWS,tcpSSASAATrip,tcpRTTAckTripMin,tcpRTTAckTripMax,tcpRTTAckTripAve,tcpRTTAckTripJitAve,tcpRTTSseqAA,tcpRTTAckJitAve,connSip,connDip,connSipDip,connSipDprt,connF,nFpCnt,tCnt,dsMinPl,dsMaxPl,dsMeanPl,dsLowQuartilePl,dsMedianPl,dsUppQuartilePl,dsIqdPl,dsModePl,dsRangePl,dsStdPl,dsRobStdPl,dsSkewPl,dsExcPl,dsMinIat,dsMaxIat,dsMeanIat,dsLowQuartileIat,dsMedianIat,dsUppQuartileIat,dsIqdIat,dsModeIat,dsRangeIat,dsStdIat,dsRobStdIat,dsSkewIat,dsExcIat,TrafficType
A,1,9.984705,6,10035,5421,27883926,1298744,0,53576,2778.667,2210.541,0,0.06063,0.000994987,0.00308435,1005.037,2792664,0.2985249,0.9109921,1,37,42,42,0,3008542629,10035,27883926,0,613,1280694,0,8945,8988.496,8864,8999,408,386,710,0,10035,30105,0,1,0,0.000002,0.072634,0.001653787,0.004026894,0,-1,1,1,2,2,2,20,208,0,53576,2778.667,1448,1448,2896,1448,1448,53576,2211.061,1073.402,3.878801,39.27437,0.5,60.5,1.333865,0.5,0.5,0.5,0,0.5,60,2.9903,0,6.480714,62.78284,Bittorrent
B,1,9.950934,6,5421,10035,1298744,27883926,0,5792,239.5765,643.9719,0,0.07267,0.00183563,0.004162574,544.7729,130514.8,-0.2985249,-0.9109921,1,4,64,64,0,202404991,5421,1298514,0,4937,27879582,0,24544,24542.79,23144,24567,2689,2378,3607,0,5421,16263,0,1,0,0.000002,0.038367,0.000269003,0.001504415,0.00192279,0.004298737,1,1,1,1,1,20,144,0,5792,239.5765,0,0,0,0,0,5792,644.2792,0,3.179489,12.33143,0.5,72.5,2.043543,0.5,0.5,1.5,1,0.5,72,4.095212,0.7413,5.593747,48.86963,Bittorrent
A,1,9.99513,6,6686,3716,18592056,934192,0,39096,2780.744,2250.218,0,0.041245,0.001494934,0.003874865,668.9258,1860112,0.285522,0.9043142,1,27,42,42,0,3166473943,6686,18589160,0,505,937824,0,8999,8967.226,8924,8999,294,275,522,0,6686,20058,0,1,0,0.000002,0.035828,0.002523625,0.004844142,0,-1,1,1,2,2,2,20,205,0,39096,2780.744,1448,2896,2896,1448,1448,39096,2252.993,1073.402,4.241587,36.6086,0.5,41.5,1.818325,0.5,0.5,0.5,0,0.5,41,3.758306,0,4.076395,19.58433,Bittorrent
B,1,9.995223,6,3716,6686,934192,18592056,0,4344,251.3972,612.3281,0,0.040778,0.002689782,0.004876274,371.7776,93463.84,-0.285522,-0.9043142,1,3,64,64,0,209819315,3716,932744,0,3346,18580472,0,24523,24499.07,24117,24567,1791,1681,2482,0,3716,11148,0,1,0,0.000001,0.020913,0.000301425,0.001334148,0.002825051,0.005024506,1,1,1,1,1,20,138,0,4344,251.3972,0,0,0,0,0,4344,612.9221,0,2.637177,7.842817,0.5,40.5,2.871198,0.5,0.5,2.5,2,0.5,40,4.790639,1.4826,3.025374,10.7313,Bittorrent
A,1,9.995859,6,8728,5166,28499286,1357532,0,65160,3265.271,3124.421,0,0.040596,0.001145262,0.002910901,873.1616,2851109,0.2563697,0.9090639,1,45,42,42,0,2865638483,8728,28496390,0,669,1355260,0,8999,8998.999,8927,8999,379,361,657,0,8728,26184,0,1,0,0.000002,0.065959,0.00199865,0.004473337,0,-1,1,1,2,2,2,20,200,0,65160,3265.271,1448,2896,2896,1448,1448,65160,3125.284,1073.402,4.106949,38.17882,0.5,40.5,1.454624,0.5,0.5,0.5,0,0.5,40,2.806708,0,4.853243,31.04065,Bittorrent
B,1,9.995835,6,5166,8728,1357532,28499286,0,4344,262.782,649.7043,0,0.066001,0.001934928,0.003809938,516.8152,135809.8,-0.2563697,-0.9090639,1,3,64,64,0,195671041,5166,1357532,0,4626,28497838,0,24563,24487.23,23668,24567,2467,2267,3245,0,5166,15498,0,1,0,0.000001,0.025119,0.000257838,0.001196141,0.002256488,0.004630496,1,1,1,1,1,20,136,0,4344,262.782,0,0,0,0,0,4344,650.2188,0,2.791442,8.972097,0.5,66.5,2.116263,0.5,0.5,2.5,2,0.5,66,3.740141,1.4826,5.325078,48.55885,Bittorrent
A,1,9.989169,6,8740,5234,26685026,1285404,0,44888,3053.207,2663.28,0,0.073393,0.001142925,0.003122008,874.9476,2671396,0.2508945,0.9080884,1,31,42,42,0,2838953457,8739,27019408,1,655,1283100,0,8999,8998.741,8828,8999,356,345,643,0,8740,26220,0,1,0,0.000001,0.095356,0.001854358,0.004259387,0,-1,1,1,2,2,2,20,201,0,44888,3053.207,1448,2896,2896,1448,1448,44888,2665.348,1073.402,3.512274,22.25366,0.5,73.5,1.461666,0.5,0.5,0.5,0,0.5,73,3.022691,0,6.233434,67.88475,Bittorrent
B,1,9.982299,6,5234,8740,1285404,26685026,0,5792,245.5873,642.7888,0,0.095408,0.001907204,0.0039948,524.3281,128768.3,-0.2508945,-0.9080884,1,4,64,64,0,194385637,5234,1283956,0,4599,26666202,119,24483,24480.42,22170,24567,2461,2230,3217,0,5234,16080,0,1,0,0.000002,0.036921,0.000257117,0.001239231,0.002111475,0.004435998,1,1,1,1,1,20,140,0,5792,245.5873,0,0,0,0,0,5792,643.1788,0,3.197544,13.35563,0.5,95.5,2.102714,0.5,0.5,2.5,2,0.5,95,3.921415,1.4826,6.401758,85.21169,Bittorrent
A,1,9.99104,6,5954,3424,17321516,1400192,0,65160,2909.223,2737.51,0,0.183258,0.001678035,0.005614843,595.934,1733705,0.2697803,0.8504205,1,45,42,42,0,2756429313,5954,17318620,0,462,1372022,8,8990,8980.386,8792,8999,144,130,233,0,5954,18027,0,1,0,0.000002,0.142191,0.00310116,0.008773558,0,-1,1,1,2,2,2,20,232,0,65160,2909.223,1448,2896,2896,1448,1448,65160,2739.405,1073.402,5.302931,65.12534,0.5,183.5,1.995045,0.5,0.5,0.5,0,0.5,183,5.528277,0,10.51329,227.947,Bittorrent
B,1,9.991035,6,3424,5954,1400192,17321516,0,5792,408.9346,1025.383,0,0.142234,0.002917941,0.007824133,342.7072,140144.8,-0.2697803,-0.8504205,1,4,64,64,0,188721131,3423,1431764,1,2973,17318620,0,24542,24531.91,23948,24567,1687,1408,2116,0,3424,10272,0,1,0,0.000001,0.051118,0.000530118,0.002844196,0.003631277,0.009223056,1,1,1,1,1,20,168,0,5792,408.9346,0,0,0,0,0,5792,1026.329,0,3.205799,11.10699,0.5,142.5,3.095969,0.5,0.5,2.5,2,0.5,142,7.770492,1.4826,7.150614,76.46198,Bittorrent
A,1,9.991253,6,10845,5876,30890226,1444520,0,44888,2848.338,2431.229,0,0.044848,0.000921279,0.002768595,1085.449,3091727,0.2971712,0.9106522,1,31,42,42,0,2918260695,10845,30890226,0,710,1445830,0,8999,8995.009,8936,8999,434,416,782,0,10845,32535,0,1,0,0.000002,0.064288,0.001560902,0.003795632,0,-1,1,1,2,2,2,20,203,0,44888,2848.338,1448,1448,2896,1448,1448,44888,2431.956,1073.402,4.042985,33.27556,0.5,44.5,1.25793,0.5,0.5,0.5,0,0.5,44,2.66929,0,5.963708,46.543,Bittorrent
B,1,9.984934,6,5876,10845,1444520,30890226,0,4344,245.8339,633.4853,0,0.064328,0.001699276,0.00371683,588.4866,144670,-0.2971712,-0.9106522,1,3,64,64,0,198179461,5876,1443072,0,5327,30887330,0,24555,24537.74,23820,24567,2904,2559,3842,0,5876,17628,0,1,0,0.000002,0.043678,0.000244447,0.001243664,0.001805348,0.003994186,1,1,1,1,1,20,135,0,4344,245.8339,0,0,0,0,0,4344,633.8414,0,2.865571,9.167539,0.5,64.5,1.89966,0.5,0.5,1.5,1,0.5,64,3.640362,0.7413,5.312507,43.61545,Bittorrent
A,1,9.998685,6,8687,4990,24122926,1150888,0,34752,2776.899,2164.472,0,0.088785,0.001150994,0.003207872,868.8143,2412610,0.2703078,0.9089264,1,24,42,42,0,2894137769,8686,24697780,1,596,1144848,0,8999,8998.546,8864,8999,355,347,627,0,8687,26061,0,1,0,0,0.053188,0.001890656,0.004134048,0,-1,1,1,2,2,2,20,198,0,34752,2776.899,1448,2896,2896,1448,1448,34752,2165.255,1073.402,3.219936,19.02097,0.5,88.5,1.474672,0.5,0.5,0.5,0,0.5,88,3.105484,0,7.197818,103.104,Bittorrent
B,1,9.998749,6,4990,8687,1150888,24122926,0,5792,230.6389,619.8812,0,0.05322,0.002003758,0.004046082,499.0624,115103.2,-0.2703078,-0.9089264,1,4,64,64,0,197028573,4990,1149440,0,4396,24120030,135,24553,24532.11,20947,24567,2351,2135,3103,0,4990,15384,0,1,0,0.000001,0.035597,0.000216625,0.00108064,0.002107281,0.004272954,1,1,1,1,1,20,138,0,5792,230.6389,0,0,0,0,0,5792,620.3102,0,3.313201,14.80906,0.5,53.5,2.194127,0.5,0.5,2.5,2,0.5,53,3.961757,1.4826,4.69772,32.43652,Bittorrent
A,1,9.987235,6,10513,5664,29329232,1359628,0,26064,2789.806,2215.8,0,0.045004,0.000949989,0.003044816,1052.644,2936672,0.2997465,0.9113927,1,18,42,42,0,3062398193,10513,29327784,0,634,1380546,0,8981,8991.045,8873,8999,409,380,719,0,10513,31539,0,1,0,0.000001,0.074634,0.001694904,0.00472267,0,-1,1,1,2,2,2,20,201,0,26064,2789.806,1448,1448,2896,1448,1448,26064,2216.49,1073.402,2.78736,10.48045,0.5,45.5,1.295567,0.5,0.5,0.5,0,0.5,45,2.954861,0,6.213192,50.45886,Bittorrent
B,1,9.989673,6,5664,10513,1359628,29329232,0,5792,240.0473,648.4962,0,0.074678,0.001763715,0.004377763,566.9855,136103.4,-0.2997465,-0.9113927,1,4,64,64,0,204926221,5664,1358180,0,5187,29326336,0,24560,24519.64,23790,24567,2833,2476,3785,0,5664,16992,0,1,0,0.000002,0.034533,0.000250511,0.001402477,0.001945415,0.004926515,1,1,1,1,1,20,145,0,5792,240.0473,0,0,0,0,0,5792,648.8882,0,3.197229,12.23361,0.5,74.5,1.975543,0.5,0.5,1.5,1,0.5,74,4.312017,0.7413,6.266788,58.29689,Bittorrent
A,1,9.980361,6,8652,4887,25971638,1222486,0,65160,3001.807,2807.238,0,0.066691,0.001153529,0.003378937,866.9025,2602274,0.2780855,0.9100919,1,45,42,42,0,3036426555,8652,25970190,0,594,1214770,0,8990,8997.741,8918,8999,376,353,659,0,8652,25956,0,1,0,0.000002,0.080278,0.001977256,0.004807885,0,-1,1,1,2,2,2,20,215,0,65160,3001.807,1448,2896,2896,1448,1448,65160,2807.837,1073.402,6.090237,89.08623,0.5,66.5,1.477228,0.5,0.5,0.5,0,0.5,66,3.28205,0,6.229956,60.49039,Bittorrent
B,1,9.929349,6,4887,8652,1222486,25971638,0,4344,250.1506,635.0865,0,0.080319,0.002031786,0.004422899,492.1773,123118.4,-0.2780855,-0.9100919,1,3,64,64,0,203703735,4887,1222486,0,4418,25967428,0,24558,24537.04,23912,24567,2379,2143,3226,0,4887,14661,0,1,0,0.000001,0.040898,0.000307253,0.001623088,0.00228451,0.005074463,1,1,1,1,1,20,141,0,4344,250.1506,0,0,0,0,0,4344,635.455,0,2.910558,9.986056,0.5,80.5,2.2237,0.5,0.5,1.5,1,0.5,80,4.35373,0.7413,5.676293,53.78656,Bittorrent
A,1,9.997727,6,9444,5433,29775990,1392344,0,49232,3152.9,2816.949,0,0.06735,0.001058635,0.003140216,944.6147,2978276,0.2696108,0.9106565,1,34,42,42,0,2949150921,9440,30265462,4,658,1391344,0,8999,8998.878,8900,8999,412,383,709,0,9444,28332,0,1,0,0.000001,0.090013,0.001871881,0.004773711,0,-1,1,1,2,2,2,20,205,0,49232,3152.9,1448,2896,2896,1448,1448,49232,2820.1,1073.402,3.359673,22.61317,0.5,67.5,1.379593,0.5,0.5,0.5,0,0.5,67,3.043149,0,6.804466,73.86714,Bittorrent
B,1,9.995338,6,5433,9444,1392344,29775990,0,5792,256.2754,662.848,0,0.090234,0.001839744,0.00419308,543.5534,139299.3,-0.2696108,-0.9106565,1,4,64,64,0,199623981,5433,1392344,0,4829,29758614,94,24509,24532.63,21546,24567,2635,2340,3397,0,5433,16599,0,1,0,0.000002,0.033324,0.000286201,0.001460205,0.002158082,0.004992045,1,1,1,1,1,20,146,0,5792,256.2754,0,0,0,0,0,5792,663.3943,0,3.015378,10.74784,0.5,90.5,2.031112,0.5,0.5,1.5,1,0.5,90,4.122698,0.7413,6.872,85.0872,Bittorrent
A,1,9.999588,6,6648,3867,20317868,965974,0,65160,3056.238,2662.336,0,0.05844,0.001504149,0.003817104,664.8274,2031870,0.2644793,0.9092293,1,45,42,42,0,3146156075,6648,20316420,0,518,958116,1,8978,8998.999,8936,8999,323,298,567,0,6648,20133,0,1,0,0.000005,0.06459,0.002479913,0.005146267,0,-1,1,1,2,2,2,20,223,0,65160,3056.238,1448,2896,2896,1448,1448,65160,2666.867,1073.402,4.074534,50.58113,0.5,58.5,1.811569,0.5,0.5,0.5,0,0.5,58,3.711977,0,4.527933,30.09039,Bittorrent
B,1,9.999522,6,3867,6648,965974,20317868,0,4344,249.7993,599.1431,0,0.064617,0.00258586,0.004942423,386.7185,96602.02,-0.2644793,-0.9092293,1,3,64,64,0,208854789,3866,970958,0,3492,20314972,0,24557,24531.66,24040,24567,1917,1671,2520,0,3867,11601,0,1,0,0.000002,0.028004,0.000307068,0.001436469,0.002786981,0.005342987,1,1,1,1,1,20,139,0,4344,249.7993,0,0,0,0,0,4344,599.9725,0,2.520012,6.90064,0.5,64.5,2.753233,0.5,0.5,2.5,2,0.5,64,4.867218,1.4826,3.967137,23.72054,Bittorrent
A,1,9.99536,6,7228,4087,20080598,1017110,0,26064,2778.168,2068.267,0,0.052947,0.001382867,0.003580384,723.1355,2008992,0.2775961,0.903581,1,18,42,42,0,3185065999,7228,20080598,0,540,1013678,0,8990,8983.45,8936,8999,340,312,587,0,7228,21684,0,1,0,0.000004,0.042369,0.002323818,0.004453314,0,-1,1,1,2,2,2,20,202,0,26064,2778.168,1448,2896,2896,1448,1448,26064,2069.838,1073.402,2.79706,11.77641,0.5,52.5,1.705618,0.5,0.5,0.5,0,0.5,52,3.472729,0,4.703727,30.67365,Bittorrent
B,1,9.96334,6,4087,7228,1017110,20080598,0,4344,248.8647,602.042,0,0.042412,0.002437813,0.004359657,410.2038,102085.2,-0.2775961,-0.903581,1,3,64,64,0,210753507,4087,1015662,0,3658,20071910,0,24525,24543.49,24211,24567,1979,1792,2685,0,4087,12261,0,1,0,0.000002,0.032275,0.000304106,0.001489728,0.002627924,0.004695881,1,1,1,1,1,20,137,0,4344,248.8647,0,0,0,0,0,4344,602.5042,0,2.602863,7.727575,0.5,42.5,2.608419,0.5,0.5,2.5,2,0.5,42,4.272453,1.4826,3.302299,13.91682,Bittorrent
A,1,9.995692,6,10148,6113,32354438,2470634,0,39096,3188.258,2952.302,0,0.051501,0.000984991,0.002755537,1015.237,3236838,0.2481397,0.8581117,1,27,42,42,0,2773750829,10148,32351542,0,925,2483230,0,8999,8998.887,8684,8999,535,504,897,0,10148,30444,0,1,0,0.000002,0.08276,0.00168059,0.004196633,0,-1,1,1,2,2,2,20,211,0,39096,3188.258,1448,2896,2896,1448,1448,39096,2953.163,1073.402,3.144428,15.89392,0.5,51.5,1.296393,0.5,0.5,0.5,0,0.5,51,2.66145,0,6.599284,65.12249,Bittorrent
B,1,9.992484,6,6113,10148,2470634,32354438,0,5792,404.1606,1004.093,0,0.082787,0.001634628,0.003698983,611.7598,247249.2,-0.2481397,-0.8581117,1,4,64,64,0,190119875,6113,2470634,0,5290,32350344,0,24544,24528.71,23980,24567,2923,2575,3770,0,6113,18339,0,1,0,0.000002,0.031217,0.000358718,0.001500713,0.002039308,0.00445689,1,1,1,1,1,20,145,0,5792,404.1606,0,0,0,0,0,5792,1004.597,0,3.161123,11.00302,0.5,82.5,1.814463,0.5,0.5,1.5,1,0.5,82,3.633685,0.7413,7.739254,103.6974,Bittorrent
A,1,9.972082,6,8969,5243,29653276,1383828,0,41992,3306.197,3103.077,0,0.064718,0.00111184,0.003265731,899.4109,2973629,0.2621728,0.9108275,1,29,42,42,0,3091727425,8968,29876754,1,641,1367432,0,8999,8994.409,8900,8999,397,370,680,0,8969,26907,0,1,0,0.000001,0.062185,0.001881949,0.004452672,0,-1,1,1,2,2,2,20,217,0,41992,3306.197,1448,2896,4344,2896,1448,41992,3103.892,2146.805,2.962077,13.99028,0.5,64.5,1.426294,0.5,0.5,0.5,0,0.5,64,3.175831,0,6.197806,57.51813,Bittorrent
B,1,9.960966,6,5243,8969,1383828,29653276,0,4344,263.9382,676.297,0,0.062267,0.001899857,0.004326388,526.3546,138925.1,-0.2621728,-0.9108275,1,3,64,64,0,206285849,5243,1382380,0,4669,29640244,50,24478,24529.39,23073,24567,2488,2232,3363,0,5243,15888,0,1,0,0.000002,0.034136,0.000265585,0.001300079,0.002147534,0.004638588,1,1,1,1,1,20,145,0,4344,263.9382,0,0,0,0,0,4344,676.7535,0,2.988782,10.2638,0.5,62.5,2.090805,0.5,0.5,1.5,1,0.5,62,4.261561,0.7413,5.247289,38.80406,Bittorrent
A,1,9.988544,6,10310,6043,32848190,1795128,0,40544,3186.052,3041.513,0,0.041994,0.000968823,0.002771568,1032.182,3288586,0.2609307,0.896365,1,28,42,42,0,2806105267,10305,33477940,5,780,1805186,0,8999,8997.677,8864,8999,488,446,837,0,10310,30930,0,1,0,0,0.049981,0.001618738,0.003548124,0,-1,1,1,2,2,2,20,203,0,40544,3186.052,1448,2896,2896,1448,1448,40544,3042.607,1073.402,3.588733,20.23394,0.5,41.5,1.289795,0.5,0.5,0.5,0,0.5,41,2.675821,0,5.673939,42.84486,Bittorrent
B,1,9.994154,6,6043,10310,1795128,32848190,0,5792,297.0591,775.0475,0,0.05002,0.001653838,0.003433292,604.6535,179617.8,-0.2609307,-0.896365,1,4,64,64,0,192590509,6043,1793680,0,5156,32843846,232,24535,24543.63,20966,24567,2822,2504,3659,0,6043,18861,0,1,0,0.000002,0.028072,0.000314346,0.001400343,0.001933084,0.003814465,1,1,1,1,1,20,143,0,5792,297.0591,0,0,0,0,0,5792,775.5191,0,3.205676,11.78974,0.5,50.5,1.842933,0.5,0.5,1.5,1,0.5,50,3.363126,0.7413,4.811125,33.7485,Bittorrent
A,1,9.984772,6,7908,4661,24775374,1185112,0,41992,3132.951,2733.963,0,0.040379,0.001262614,0.003307331,792.0061,2481316,0.258334,0.9086988,1,29,42,42,0,3121380701,7908,24760894,0,606,1193926,0,8981,8984.314,8909,8999,365,341,632,0,7908,23724,0,1,0,0.000003,0.046207,0.002001338,0.004376191,0,-1,1,1,2,2,2,20,205,0,41992,3132.951,1448,2896,2896,1448,1448,41992,2734.618,1073.402,2.900547,14.75017,0.5,40.5,1.573227,0.5,0.5,0.5,0,0.5,40,3.205986,0,4.820835,29.99879,Bittorrent
B,1,9.978057,6,4661,7908,1185112,24775374,0,5792,254.2613,628.6506,0,0.04626,0.002140752,0.004223661,467.125,118771.8,-0.258334,-0.9086988,1,4,64,64,0,207669677,4661,1183664,0,4190,24772478,0,24557,24522.33,23861,24567,2308,2011,3114,0,4661,13983,0,1,0,0.000001,0.035458,0.000305244,0.001407089,0.002306581,0.004596841,1,1,1,1,1,20,138,0,5792,254.2613,0,0,0,0,0,5792,629.1255,0,2.821529,9.795393,0.5,46.5,2.321459,0.5,0.5,2.5,2,0.5,46,4.158624,1.4826,4.244171,24.31289,Bittorrent
A,1,3.946955,6,2622,1578,8176072,409086,0,15928,3118.258,2591.764,0,0.047949,0.001505321,0.003997865,664.3096,2071488,0.2485714,0.9046993,1,11,42,42,0,3205146597,2622,8168832,0,201,395838,0,8972,8992.138,8945,8999,143,125,238,0,2622,7866,0,1,0,0.000002,0.047895,0.002487502,0.00478896,0,-1,1,1,2,2,2,20,131,0,15928,3118.258,1448,2896,2896,1448,1448,15928,2598.015,1073.402,2.242902,5.627761,0.5,47.5,1.819725,0.5,0.5,0.5,0,0.5,47,3.899308,0,4.505543,26.021,Bittorrent
B,1,3.944729,6,1578,2622,409086,8176072,0,4344,259.2433,642.0924,0,0.047939,0.002499829,0.004769796,400.0275,103704.5,-0.2485714,-0.9046993,1,3,64,64,0,211770617,1578,409086,0,1414,8164488,0,24549,24507.73,24274,24567,766,698,1033,0,1578,4734,0,1,0,0.000002,0.033925,0.000370779,0.001757039,0.00285828,0.00510111,1,1,1,1,1,20,85,0,4344,259.2433,0,0,0,0,0,4344,643.2886,0,2.800599,9.031005,0.5,47.5,2.682625,0.5,0.5,2.5,2,0.5,47,4.69781,1.4826,3.513262,16.1672,Bittorrent
A,1,9.985365,6,10113,5628,29615718,1388666,0,63712,2928.48,2551.246,0,0.050948,0.00098738,0.003007303,1012.782,2965912,0.2849247,0.9104213,1,44,42,42,0,2978926911,10113,29615718,0,644,1393280,0,8999,8982.587,8873,8999,403,374,697,0,10113,30339,0,1,0,0.000002,0.102989,0.001824514,0.005288689,0,-1,1,1,2,2,2,20,217,0,63712,2928.48,1448,2896,2896,1448,1448,63712,2552.041,1073.402,4.756994,57.92216,0.5,50.5,1.318137,0.5,0.5,0.5,0,0.5,50,2.913628,0,5.995325,48.67519,Bittorrent
B,1,9.990618,6,5628,10113,1388666,29615718,0,5792,246.7424,648.527,0,0.103014,0.001775162,0.004458654,563.3286,138997,-0.2849247,-0.9104213,1,4,64,64,0,201016325,5628,1387218,0,5127,29614270,0,24561,24553.24,23697,24567,2789,2436,3653,0,5628,16884,0,1,0,0.000002,0.029735,0.000231566,0.001181058,0.00205608,0.00541896,1,1,1,1,1,20,146,0,5792,246.7424,0,0,0,0,0,5792,648.8651,0,3.056451,11.02365,0.5,103.5,1.977164,0.5,0.5,1.5,1,0.5,103,4.394916,0.7413,8.204669,117.8704,Bittorrent
A,1,9.999212,6,10604,6257,30529252,1434892,0,44888,2879.032,2385.36,0,0.062207,0.000942967,0.002208262,1060.484,3053166,0.2578139,0.9102187,1,31,42,42,0,3376135103,10601,31109550,3,796,1440524,5,8999,8998.999,8873,8999,322,320,623,0,10604,32163,0,1,0,0,0.061993,0.001464799,0.002860004,0,-1,1,1,2,2,2,20,193,0,44888,2879.032,1448,1448,2896,1448,1448,44888,2386,1073.402,3.262863,20.76457,0.5,62.5,1.25422,0.5,0.5,1.5,1,0.5,62,2.094619,0.7413,6.841829,102.9532,Bittorrent
B,1,9.999204,6,6257,10604,1434892,30529252,0,5792,229.3259,608.3272,0,0.062027,0.001598086,0.002880259,625.7498,143500.6,-0.2578139,-0.9102187,1,4,64,64,0,219819105,6256,1453250,0,5528,30526356,187,24546,24523.04,20113,24567,2894,2637,3864,0,6257,19347,0,1,0,0.000002,0.016395,0.000177051,0.000736483,0.00164185,0.002953308,1,1,1,1,1,20,129,0,5792,229.3259,0,0,0,0,0,5792,608.7166,0,3.010659,10.7012,0.5,62.5,1.78101,0.5,0.5,1.5,1,0.5,62,2.796137,0.7413,6.400214,78.8485,Bittorrent
A,1,7.220162,6,7644,4376,22508922,1046786,0,46336,2944.652,2622.8,0,0.02996,0.000944553,0.002298766,1058.702,3117509,0.2718802,0.9111225,1,32,42,42,0,3649069665,7644,22500234,0,558,1039408,0,8999,8998.976,8954,8999,249,244,469,0,7644,22932,0,1,0,0.000001,0.050597,0.001521429,0.00327833,0,-1,1,1,2,2,2,20,164,0,46336,2944.652,1448,2896,2896,1448,1448,46336,2624.104,1073.402,4.039425,29.20721,0.5,29.5,1.265406,0.5,0.5,0.5,0,0.5,29,2.189957,0,4.994942,34.10524,Bittorrent
B,1,7.219889,6,4376,7644,1046786,22508922,0,4344,239.2107,625.5532,0,0.051445,0.001649885,0.003070069,606.1035,144986.4,-0.2718802,-0.9111225,1,3,64,64,0,232547011,4376,1045338,0,3956,22484306,0,24491,24540.29,24072,24567,2100,1910,2793,0,4376,13128,0,1,0,0.000002,0.027768,0.000224335,0.001104148,0.001745763,0.003459276,1,1,1,1,1,20,108,0,4344,239.2107,0,0,0,0,0,4344,626.002,0,2.931624,9.725572,0.5,51.5,1.838057,0.5,0.5,1.5,1,0.5,51,2.991262,0.7413,5.361964,48.86255,Bittorrent
A,1,9.998115,6,10395,5744,28833404,1362178,0,47784,2773.776,2337.843,0,0.033831,0.000961818,0.002312787,1039.696,2883884,0.2881839,0.9097763,1,33,42,42,0,3436041229,10395,28830508,0,760,1355286,0,8999,8998.646,8927,8999,338,332,641,0,10395,31185,0,1,0,0.000003,0.028969,0.001542107,0.002896114,0,-1,1,1,2,2,2,20,187,0,47784,2773.776,1448,1448,2896,1448,1448,47784,2338.34,1073.402,4.17872,34.89526,0.5,33.5,1.282856,0.5,0.5,0.5,0,0.5,33,2.193447,0,4.958639,34.69721,Bittorrent
B,1,9.998271,6,5744,10395,1362178,28833404,0,4344,237.148,620.3679,0,0.034184,0.001740648,0.002957394,574.4993,136241.4,-0.2881839,-0.9097763,1,3,64,64,0,222621801,5744,1360730,0,5246,28831956,0,24561,24492.12,24096,24567,2773,2527,3707,0,5744,17232,0,1,0,0.000002,0.032817,0.000200655,0.000931366,0.001742762,0.00304219,1,1,1,1,1,20,129,0,4344,237.148,0,0,0,0,0,4344,620.7107,0,3.015758,10.80427,0.5,34.5,1.921383,0.5,0.5,1.5,1,0.5,34,2.873638,0.7413,3.854028,21.01942,Bittorrent
A,1,9.996464,6,5813,9799,1416956,30800160,0,5792,243.7564,651.2513,0,0.071412,0.001719674,0.003708267,581.5056,141745.7,-0.2553164,-0.9120371,1,4,64,64,0,225493019,5813,1416956,0,5288,30800160,0,24465,24551.57,23960,24567,2767,2523,3700,0,5813,17439,0,1,0,0.000001,0.02417,0.000233085,0.001121918,0,-1,1,1,2,2,2,20,139,0,5792,243.7564,0,0,0,0,0,5792,652.0079,0,3.214289,12.76497,0.5,71.5,1.9064,0.5,0.5,1.5,1,0.5,71,3.641622,0.7413,6.421482,69.66236,Bittorrent
B,1,9.995345,6,9799,5813,30800160,1416956,0,65160,3143.194,2907.322,0,0.046018,0.001020037,0.00273705,980.3563,3081450,0.2553164,0.9120371,1,45,42,42,0,3497429747,9799,30797264,0,724,1412872,0,8981,8998.777,8945,8999,362,368,687,0,9799,29397,0,1,0,0.000004,0.071364,0.001709444,0.004018519,0.00194253,0.004172192,1,1,1,1,1,20,209,0,65160,3143.194,1448,2896,2896,1448,1448,65160,2908.508,1073.402,4.044309,38.01979,0.5,46.5,1.332006,0.5,0.5,0.5,0,0.5,46,2.641784,0,5.871203,49.00865,Bittorrent
A,1,9.995174,6,11120,6231,32732438,1537928,0,65160,2943.564,2555.628,0,0.053353,0.000898848,0.002491302,1112.537,3274824,0.2817705,0.9102473,1,45,42,42,0,3591688877,11120,32728094,0,798,1552446,0,8999,8994.269,8954,8999,389,383,731,0,11120,33360,0,1,0,0.000001,0.068207,0.001530365,0.003751657,0,-1,1,1,2,2,2,20,193,0,65160,2943.564,1448,2896,2896,1448,1448,65160,2556.3,1073.402,4.267011,47.24556,0.5,53.5,1.229022,0.5,0.5,0.5,0,0.5,53,2.388935,0,6.952263,77.02625,Bittorrent
B,1,9.995213,6,6231,11120,1537928,32732438,0,5792,246.8188,657.173,0,0.068263,0.001604113,0.003405335,623.3984,153866.5,-0.2817705,-0.9102473,1,4,64,64,0,229869395,6231,1537928,0,5647,32729542,0,24556,24535.62,23983,24567,3048,2702,3982,0,6231,18693,0,1,0,0.000001,0.043088,0.000221123,0.001103333,0.001751488,0.003910534,1,1,1,1,1,20,141,0,5792,246.8188,0,0,0,0,0,5792,657.7779,0,3.213106,12.80189,0.5,68.5,1.802247,0.5,0.5,1.5,1,0.5,68,3.333881,0.7413,6.77684,73.41949,Bittorrent
A,1,9.994876,6,10710,6154,30701026,1460144,0,50680,2866.576,2412.781,0,0.077042,0.000933227,0.002489659,1071.549,3071676,0.2701613,0.9091983,1,35,42,42,0,3528229907,10710,30698130,0,775,1465516,0,8999,8998.999,8936,8999,347,333,633,0,10710,32130,0,1,0,0.000003,0.059563,0.001496372,0.003197345,0,-1,1,1,2,2,2,20,188,0,50680,2866.576,1448,2896,2896,1448,1448,50680,2413.55,1073.402,3.934114,32.1082,0.5,77.5,1.252825,0.5,0.5,0.5,0,0.5,77,2.388975,0,9.403206,181.831,Bittorrent
B,1,9.994881,6,6154,10710,1460144,30701026,0,5792,237.2675,634.9484,0,0.059605,0.001624129,0.003226027,615.7152,146089.2,-0.2701613,-0.9091983,1,4,64,64,0,226909975,6154,1460144,0,5580,30698130,0,24555,24535.57,23941,24567,2948,2686,4006,0,6154,18462,0,1,0,0.000001,0.040335,0.000204547,0.001055122,0.001700919,0.003366941,1,1,1,1,1,20,136,0,5792,237.2675,0,0,0,0,0,5792,635.3034,0,3.229416,13.28911,0.5,59.5,1.812043,0.5,0.5,1.5,1,0.5,59,3.149785,0.7413,6.730183,76.79362,Bittorrent
A,1,9.993063,6,5274,9358,1253876,26171190,0,4344,237.7467,610.3049,0,0.080266,0.001894779,0.003502921,527.7661,125474.6,-0.2791143,-0.9085599,1,3,64,64,0,215830425,5274,1253640,0,4827,26171190,0,24567,24550.07,24084,24567,2533,2343,3480,0,5274,15822,0,1,0,0.000002,0.021499,0.000229704,0.001091679,0,-1,1,1,2,2,2,20,135,0,4344,237.7467,0,0,0,0,0,4344,610.8627,0,2.797023,8.618047,0.5,80.5,2.073677,0.5,0.5,2.5,2,0.5,80,3.424384,1.4826,5.62031,68.68828,Bittorrent
B,1,9.992305,6,9358,5274,26171190,1253876,0,30408,2796.665,2205.958,0,0.039783,0.00106778,0.002676311,936.5207,2619134,0.2791143,0.9085599,1,21,42,42,0,3289665715,9358,26169826,0,684,1250262,0,8990,8996.297,8945,8999,328,308,596,0,9358,28074,0,1,0,0.000001,0.080242,0.00176511,0.004243985,0.001994814,0.004382142,1,1,1,1,1,20,193,0,30408,2796.665,1448,1448,2896,1448,1448,30408,2208.424,1073.402,2.87393,12.29697,0.5,39.5,1.387357,0.5,0.5,0.5,0,0.5,39,2.568374,0,5.157261,35.69427,Bittorrent
A,1,9.997737,6,4535,7862,1123798,23605128,0,5792,247.8055,659.3961,0,0.184233,0.002204572,0.005897836,453.6027,112405.2,-0.2683714,-0.9091107,1,4,64,64,0,214706627,4535,1123798,0,4104,23605128,0,24567,24537.32,23859,24567,2204,1979,2967,0,4535,13605,0,1,0,0.000002,0.040962,0.000280506,0.001469796,0,-1,1,1,2,2,2,20,149,0,5792,247.8055,0,0,0,0,0,5792,659.979,0,3.218383,12.70915,0.5,184.5,2.394795,0.5,0.5,1.5,1,0.5,184,5.851324,0.7413,11.53584,259.5329,Bittorrent
B,1,9.997222,6,7862,4535,23605128,1123798,0,28960,3002.433,2557.086,0,0.114274,0.001271588,0.004085012,786.4185,2361169,0.2683714,0.9091107,1,20,42,42,0,3266060587,7862,23600784,0,529,1137564,0,8999,8998.672,8900,8999,329,307,565,0,7862,23586,0,1,0,0.000004,0.184187,0.002202051,0.00630598,0.002482556,0.006475004,1,1,1,1,1,20,227,0,28960,3002.433,1448,2896,2896,1448,1448,28960,2559.212,1073.402,2.911735,12.59732,0.5,114.5,1.592227,0.5,0.5,0.5,0,0.5,114,3.999079,0,8.837819,148.2083,Bittorrent
A,1,9.998201,6,8595,4913,25084556,1155228,0,47784,2918.506,2465.064,0,0.037876,0.001163259,0.002768775,859.6546,2508907,0.2725792,0.9119484,1,33,42,42,0,3351050547,8595,25083108,0,634,1156228,0,8981,8998.995,8936,8999,270,265,507,0,8595,25785,0,1,0,0.000002,0.048539,0.001844307,0.003525798,0,-1,1,1,2,2,2,20,191,0,47784,2918.506,1448,2896,2896,1448,1448,47784,2465.815,1073.402,3.446528,23.91335,0.5,37.5,1.475681,0.5,0.5,1.5,1,0.5,37,2.656219,0.7413,4.547791,28.05186,Bittorrent
B,1,9.997812,6,4913,8595,1155228,25084556,0,5792,235.137,626.4788,0,0.048932,0.002034971,0.003524604,491.4075,115548.1,-0.2725792,-0.9119484,1,4,64,64,0,218663877,4913,1155228,0,4492,25080212,0,24547,24526.57,23954,24567,2336,2155,3143,0,4913,14739,0,1,0,0.000002,0.01962,0.000223186,0.00095182,0.002067493,0.003652015,1,1,1,1,1,20,132,0,5792,235.137,0,0,0,0,0,5792,626.8381,0,3.238887,13.58305,0.5,48.5,2.213966,0.5,0.5,2.5,2,0.5,48,3.440483,1.4826,3.93407,24.23166,Bittorrent
A,1,9.986839,6,11950,6704,35213642,1579576,0,36200,2946.748,2592.225,0,0.053805,0.000835719,0.002307151,1196.575,3526004,0.2812265,0.9141377,1,25,42,42,0,3315836905,11950,35212194,0,808,1553286,0,8990,8998.999,8954,8999,375,375,707,0,11950,35850,0,1,0,0.000002,0.092392,0.001413391,0.003960079,0,-1,1,1,2,2,2,20,188,0,36200,2946.748,1448,1448,2896,1448,1448,36200,2592.882,1073.402,3.132228,14.64179,0.5,53.5,1.16106,0.5,0.5,0.5,0,0.5,53,2.206514,0,6.951837,73.80416,Bittorrent
B,1,9.981844,6,6704,11950,1579576,35213642,0,5792,235.6169,633.2586,0,0.092435,0.001488937,0.003516535,671.6194,158244.9,-0.2812265,-0.9141377,1,4,64,64,0,217084301,6704,1578128,0,6156,35206402,0,24539,24546.73,24056,24567,3249,2938,4323,0,6704,20112,0,1,0,0.000002,0.020421,0.000195214,0.000945882,0.001608605,0.004071476,1,1,1,1,1,20,137,0,5792,235.6169,0,0,0,0,0,5792,633.7737,0,3.19135,12.5726,0.5,92.5,1.682456,0.5,0.5,1.5,1,0.5,92,3.456466,0.7413,9.856519,163.2597,Bittorrent
A,1,9.986074,6,8787,4916,24648350,1139688,0,26064,2805.093,2155.348,0,0.052544,0.001136462,0.002882404,879.9254,2468272,0.2824929,0.9116111,1,18,42,42,0,3624421315,8787,24646958,0,629,1135018,0,8981,8991.115,8945,8999,254,257,485,0,8787,26361,0,1,0,0.000002,0.089449,0.001912951,0.004149796,0,-1,1,1,2,2,2,20,202,0,26064,2805.093,1448,2896,2896,1448,1448,26064,2156.211,1073.402,3.036229,14.27197,0.5,52.5,1.458343,0.5,0.5,1.5,1,0.5,52,2.773867,0.7413,5.600513,50.72841,Bittorrent
B,1,9.958629,6,4916,8787,1139688,24648350,0,5792,231.8324,599.638,0,0.089497,0.002025758,0.003895529,493.6423,114442.3,-0.2824929,-0.9116111,1,4,64,64,0,231407323,4916,1139402,0,4454,24639718,0,24539,24543.05,23967,24567,2396,2163,3191,0,4916,14748,0,1,0,0.000002,0.031899,0.000235154,0.00106616,0.002148106,0.004284565,1,1,1,1,1,20,132,0,5792,231.8324,0,0,0,0,0,5792,600.3935,0,2.931368,10.56006,0.5,89.5,2.208443,0.5,0.5,2.5,2,0.5,89,3.819578,1.4826,6.332742,84.01801,Bittorrent
A,1,9.991747,6,9272,5418,27935540,1333426,0,43440,3012.893,2581.223,0,0.044449,0.001077624,0.00301205,927.9659,2795862,0.2623554,0.9088846,1,30,42,42,0,3238125047,9271,28304762,1,657,1339688,0,8999,8998.999,8882,8999,409,378,699,0,9272,27816,0,1,0,0.000001,0.063963,0.001742605,0.004124042,0,-1,1,1,2,2,2,20,206,0,43440,3012.893,1448,2896,2896,1448,1448,43440,2584.163,1073.402,3.622711,26.80899,0.5,44.5,1.401089,0.5,0.5,0.5,0,0.5,44,2.908053,0,5.333579,38.09088,Bittorrent
B,1,9.991892,6,5418,9272,1333426,27935540,0,5792,246.1104,643.2191,0,0.064004,0.001844203,0.003926598,542.2397,133450.8,-0.2623554,-0.9088846,1,4,64,64,0,213373201,5418,1331978,0,4825,27928300,91,24522,24540.98,22251,24567,2610,2318,3429,0,5418,16557,0,1,0,0.000001,0.026017,0.000267326,0.001311948,0.002009931,0.004327693,1,1,1,1,1,20,144,0,5792,246.1104,0,0,0,0,0,5792,643.7607,0,3.062439,11.22387,0.5,64.5,2.047166,0.5,0.5,1.5,1,0.5,64,3.857655,0.7413,5.427474,48.33814,Bittorrent
A,1,9.999202,6,11779,6468,32555114,1509040,0,40544,2763.827,2383.421,0,0.038972,0.0008489,0.002315184,1177.994,3255771,0.2910616,0.9114002,1,28,42,42,0,3464874633,11779,32553666,0,764,1513268,0,8999,8998.999,8828,8999,390,374,709,0,11779,35337,0,1,0,0.000002,0.044067,0.001390906,0.003154673,0,-1,1,1,2,2,2,20,201,0,40544,2763.827,1448,1448,2896,1448,1448,40544,2383.885,1073.402,4.275986,33.8108,0.5,38.5,1.178044,0.5,0.5,0.5,0,0.5,38,2.211903,0,6.027608,49.13573,Bittorrent
B,1,9.999161,6,6468,11779,1509040,32555114,0,5792,233.3086,633.6497,0,0.044139,0.001545943,0.003119244,646.8543,150916.7,-0.2910616,-0.9114002,1,4,64,64,0,223983979,6468,1509040,0,5934,32550770,0,24552,24497.45,24064,24567,3142,2788,4176,0,6468,19404,0,1,0,0.000002,0.016506,0.000201974,0.000914595,0.00159288,0.003284577,1,1,1,1,1,20,138,0,5792,233.3086,0,0,0,0,0,5792,633.9816,0,3.212153,12.61522,0.5,44.5,1.742307,0.5,0.5,1.5,1,0.5,44,3.0413,0.7413,5.371821,42.02709,Bittorrent
A,1,9.996373,6,10621,6155,32757944,1499276,0,33304,3084.262,2723.833,0,0.037771,0.000941187,0.002359388,1062.485,3276983,0.2662136,0.9124695,1,23,42,42,0,3558930933,10621,32753600,0,808,1486150,0,8999,8997.992,8963,8999,363,362,689,0,10621,31863,0,1,0,0.000004,0.036492,0.001518504,0.003087258,0,-1,1,1,2,2,2,20,197,0,33304,3084.262,1448,2896,2896,1448,1448,33304,2724.733,1073.402,3.123186,15.15624,0.5,37.5,1.255273,0.5,0.5,0.5,0,0.5,37,2.248833,0,5.430959,41.99599,Bittorrent
B,1,9.996343,6,6155,10621,1499276,32757944,0,4344,243.5867,624.5189,0,0.036593,0.001624103,0.003082822,615.7252,149982.5,-0.2662136,-0.9124695,1,3,64,64,0,228370119,6155,1499276,0,5566,32753600,0,24550,24544.65,24142,24567,2937,2687,3945,0,6155,18465,0,1,0,0.000002,0.033503,0.000213132,0.00106799,0.001731636,0.003266767,1,1,1,1,1,20,135,0,4344,243.5867,0,0,0,0,0,4344,624.8649,0,2.832155,8.97894,0.5,36.5,1.80923,0.5,0.5,1.5,1,0.5,36,3.004535,0.7413,4.659567,30.43795,Bittorrent
A,1,9.999975,6,8322,4815,24802378,1193498,0,65160,2980.339,2681.631,0,0.066985,0.00120163,0.003339485,832.2021,2480244,0.2669559,0.9081779,1,45,42,42,0,3213322669,8321,25239468,1,576,1186170,0,8990,8998.976,8819,8999,380,359,669,0,8322,24966,0,1,0,0.000001,0.066975,0.00198987,0.004463258,0,-1,1,1,2,2,2,20,194,0,65160,2980.339,1448,2896,2896,1448,1448,65160,2682.547,1073.402,4.571772,52.21782,0.5,66.5,1.530886,0.5,0.5,0.5,0,0.5,66,3.23222,0,5.127531,40.96132,Bittorrent
B,1,9.999163,6,4815,8322,1193498,24802378,0,5792,247.8708,668.2015,0,0.067015,0.002076667,0.004391032,481.5403,119359.8,-0.2669559,-0.9081779,1,4,64,64,0,212179703,4815,1193498,0,4167,24799482,179,24504,24530.75,21505,24567,2259,2023,3035,0,4815,14991,0,1,0,0.000001,0.022203,0.000244636,0.001088124,0.002234506,0.004593983,1,1,1,1,1,20,135,0,5792,247.8708,0,0,0,0,0,5792,668.6606,0,3.37914,14.55214,0.5,67.5,2.278979,0.5,0.5,1.5,1,0.5,67,4.310724,0.7413,4.576918,32.96285,Bittorrent
A,1,9.995681,6,10933,6180,29376874,1370700,0,34752,2686.991,2064.721,0,0.06478,0.000914268,0.002230678,1093.772,2938957,0.2777421,0.9108418,1,24,42,42,0,3406664355,10933,29375426,0,757,1380482,1,8999,8998.999,8846,8999,281,282,545,0,10933,32967,0,1,0,0.000002,0.085123,0.00150571,0.003459298,0,-1,1,1,2,2,2,20,192,0,34752,2686.991,1448,1448,2896,1448,1448,34752,2065.512,1073.402,3.801031,29.5238,0.5,64.5,1.239389,0.5,0.5,1.5,1,0.5,64,2.113998,0.7413,7.361797,116.9857,Bittorrent
B,1,9.995644,6,6180,10933,1370700,29376874,0,5792,221.7961,597.9858,0,0.085195,0.001617415,0.003147874,618.2693,137129.7,-0.2777421,-0.9108418,1,4,64,64,0,221252549,6179,1393114,0,5659,29371082,0,24543,24538.81,24136,24567,2961,2765,4016,0,6180,18540,0,1,0,0.000002,0.016687,0.000183825,0.000799292,0.001689535,0.003550438,1,1,1,1,1,20,127,0,5792,221.7961,0,0,0,0,0,5792,598.3091,0,3.188985,13.25672,0.5,85.5,1.812672,0.5,0.5,1.5,1,0.5,85,3.070181,0.7413,8.133537,136.8607,Bittorrent
A,1,9.996121,6,9100,5490,27913178,1284802,0,43440,3067.382,2797.125,0,0.076545,0.001098471,0.002650126,910.3531,2792401,0.2474297,0.9119938,1,30,42,42,0,3702987845,9100,27910282,0,727,1293610,0,8999,8998.997,8927,8999,304,297,579,0,9100,27300,0,1,0,0.000002,0.061141,0.001731344,0.00346796,0,-1,1,1,2,2,2,20,189,0,43440,3067.382,1448,2896,2896,1448,1448,43440,2797.915,1073.402,3.568019,22.92453,0.5,76.5,1.394933,0.5,0.5,1.5,1,0.5,76,2.551547,0.7413,8.305735,144.3243,Bittorrent
B,1,9.996098,6,5490,9100,1284802,27913178,0,5792,234.0259,609.3139,0,0.061233,0.001820783,0.003355708,549.2144,128530.4,-0.2474297,-0.9119938,1,4,64,64,0,235041737,5490,1284802,0,5001,27910282,0,24560,24492.19,24118,24567,2579,2391,3474,0,5490,16470,0,1,0,0.000002,0.033064,0.000186136,0.000904849,0.00191748,0.003584061,1,1,1,1,1,20,133,0,5792,234.0259,0,0,0,0,0,5792,609.6383,0,2.939053,10.24708,0.5,61.5,1.997905,0.5,0.5,2.5,2,0.5,61,3.282502,1.4826,6.191036,66.45712,Bittorrent
A,1,9.984666,6,8755,4964,24066118,1125070,0,56472,2748.843,2184.249,0,0.034949,0.001140456,0.002451441,876.8445,2410308,0.2763321,0.9106775,1,39,42,42,0,3790830205,8755,24063222,0,650,1113452,1,8999,8996.636,8882,8999,222,219,423,0,8755,26547,0,1,0,0.000002,0.061448,0.00175399,0.002981437,0,-1,1,1,2,2,2,20,193,0,56472,2748.843,1448,2896,2896,1448,1448,56472,2185.072,1073.402,4.544999,55.07167,0.5,34.5,1.448823,0.5,0.5,1.5,1,0.5,34,2.325531,0.7413,3.973552,21.90164,Bittorrent
B,1,9.984677,6,4964,8755,1125070,24066118,0,4344,226.6458,590.3987,0,0.061651,0.002011416,0.003109797,497.1618,112679.7,-0.2763321,-0.9106775,1,3,64,64,0,239122145,4963,1141306,1,4524,24061774,0,24548,24528.26,24038,24567,2300,2245,3144,0,4964,14892,0,1,0,0.000002,0.017642,0.000203368,0.000895464,0.001957358,0.003113009,1,1,1,1,1,20,121,0,4344,226.6458,0,0,0,0,0,4344,590.7831,0,2.827902,8.877428,0.5,61.5,2.175599,0.5,0.5,2.5,2,0.5,61,3.024144,1.4826,4.006116,37.96121,Bittorrent
A,1,5.670901,6,6782,3875,19280984,896666,0,21720,2842.964,2283.414,0,0.034173,0.00083617,0.002024003,1195.93,3399986,0.2727785,0.9111229,1,15,42,42,0,4110456063,6782,19278088,0,490,883878,0,8981,8990.411,8972,8999,214,213,413,0,6782,20346,0,1,0,0.000003,0.034143,0.001409248,0.002964541,0,-1,1,1,2,2,2,20,132,0,21720,2842.964,1448,1448,2896,1448,1448,21720,2284.399,1073.402,2.708509,9.83618,0.5,34.5,1.155213,0.5,0.5,0.5,0,0.5,34,1.915851,0,5.879643,53.13986,Bittorrent
B,1,5.667971,6,3875,6782,896666,19280984,0,4344,231.3977,604.0856,0,0.038362,0.001462701,0.002736851,683.6661,158198.8,-0.2727785,-0.9111229,1,3,64,64,0,254028753,3875,896666,0,3533,19266504,0,24544,24554.27,24221,24567,1839,1724,2548,0,3875,11625,0,1,0,0.000002,0.026672,0.000183373,0.000917329,0.001592621,0.003103223,1,1,1,1,1,20,91,0,4344,231.3977,0,0,0,0,0,4344,604.5779,0,2.892011,9.51816,0.5,38.5,1.654104,0.5,0.5,1.5,1,0.5,38,2.657728,0.7413,5.367065,43.48305,Bittorrent
A,1,9.996939,6,10661,5968,27950824,1283500,0,57920,2621.782,1955.261,0,0.080093,0.00093771,0.002369914,1066.427,2795938,0.2822178,0.9121923,1,40,42,42,0,3842867157,10657,28290666,4,719,1291248,0,8999,8991.059,8963,8999,262,261,504,0,10661,31983,0,1,0,0,0.098255,0.00161563,0.004268621,0,-1,1,1,2,2,2,20,180,0,57920,2621.782,1448,1448,2896,1448,1448,57920,1955.846,1073.402,5.243375,82.81899,0.5,80.5,1.265103,0.5,0.5,0.5,0,0.5,80,2.259957,0,8.408403,173.9912,Bittorrent
B,1,9.996861,6,5968,10661,1283500,27950824,0,5792,215.0637,601.395,0,0.098317,0.001675077,0.003284806,596.9874,128390.3,-0.2822178,-0.9121923,1,4,64,64,0,241555709,5968,1283500,0,5361,27947928,133,24553,24525.9,21828,24567,2790,2607,3751,0,5968,18321,0,1,0,0.000002,0.033095,0.000190302,0.000941288,0.001805931,0.004371173,1,1,1,1,1,20,130,0,5792,215.0637,0,0,0,0,0,5792,601.7709,0,3.338842,13.97935,0.5,98.5,1.872046,0.5,0.5,1.5,1,0.5,98,3.21203,0.7413,9.600878,204.3376,Bittorrent
A,1,9.997231,6,10169,6062,30657810,1434536,0,31856,3014.83,2680.914,0,0.0409,0.000983107,0.002240099,1017.182,3066630,0.2530343,0.9105995,1,22,42,42,0,3926833131,10169,30653466,0,782,1428352,9,8999,8998.999,8765,8999,335,333,639,0,10169,30972,0,1,0,0.000002,0.066259,0.001620893,0.003511274,0,-1,1,1,2,2,2,20,199,0,31856,3014.83,1448,1448,2896,1448,1448,31856,2681.854,1073.402,3.035122,13.83115,0.5,40.5,1.282849,0.5,0.5,1.5,1,0.5,40,2.125976,0.7413,6.075209,59.62475,Bittorrent
B,1,9.998472,6,6062,10169,1434536,30657810,0,4344,236.644,609.4016,0,0.066302,0.001649369,0.003131231,606.2926,143475.5,-0.2530343,-0.9105995,1,3,64,64,0,245507773,6061,1468506,0,5521,30654914,0,24560,24526.75,23924,24567,2843,2599,3829,0,6062,18186,0,1,0,0.000002,0.029397,0.000170778,0.000819247,0.001791671,0.00360558,1,1,1,1,1,20,128,0,4344,236.644,0,0,0,0,0,4344,609.8566,0,2.860929,9.394222,0.5,66.5,1.823379,0.5,0.5,1.5,1,0.5,66,3.057215,0.7413,7.990776,113.3887,Bittorrent
A,1,9.996628,6,9837,5617,28136028,1341116,0,41992,2860.224,2337.241,0,0.037588,0.001016224,0.002454958,984.0319,2814552,0.2730685,0.9090064,1,29,42,42,0,3730901023,9837,28134580,0,731,1328058,0,8999,8992.146,8837,8999,275,268,520,0,9837,29778,0,1,0,0.000002,0.039054,0.001584951,0.003043465,0,-1,1,1,2,2,2,20,204,0,41992,2860.224,1448,2896,2896,1448,1448,41992,2337.719,1073.402,3.314167,20.51478,0.5,37.5,1.334994,0.5,0.5,1.5,1,0.5,37,2.342056,0.7413,5.231355,40.40097,Bittorrent
B,1,9.9966,6,5617,9837,1341116,28136028,0,5792,238.7602,623.408,0,0.040064,0.001779704,0.003178851,561.8911,134157.2,-0.2730685,-0.9090064,1,4,64,64,0,236326539,5616,1362972,0,5072,28134580,0,24564,24535.25,24206,24567,2679,2489,3685,0,5617,16851,0,1,0,0.000002,0.02576,0.00022894,0.000945924,0.001813891,0.003187075,1,1,1,1,1,20,132,0,5792,238.7602,0,0,0,0,0,5792,624.0657,0,3.101463,12.35726,0.5,40.5,1.963319,0.5,0.5,1.5,1,0.5,40,3.098399,0.7413,4.488723,29.6688,Bittorrent
A,1,9.994951,6,11859,6760,33324826,1550038,0,43440,2810.087,2372.879,0,0.072886,0.000842816,0.002228255,1186.499,3334166,0.27386,0.9111086,1,30,42,42,0,4077131237,11859,33321930,0,845,1546346,12,8999,8989.798,8810,8999,395,384,740,0,11859,35730,0,1,0,0.000001,0.097934,0.001384815,0.003468864,0,-1,1,1,2,2,2,20,202,0,43440,2810.087,1448,1448,2896,1448,1448,43440,2374.178,1073.402,3.840397,27.75682,0.5,72.5,1.167735,0.5,0.5,0.5,0,0.5,72,2.119498,0,8.480245,153.682,Bittorrent
B,1,9.994913,6,6760,11859,1550038,33324826,0,4344,229.2956,599.6442,0,0.098082,0.001478535,0.003158392,676.3441,155082.7,-0.27386,-0.9111086,1,3,64,64,0,252480163,6759,1578614,0,6185,33320482,0,24538,24548.08,24115,24567,3242,2943,4360,0,6760,20280,0,1,0,0.000001,0.024324,0.000177035,0.000909857,0.00156185,0.003586204,1,1,1,1,1,20,132,0,4344,229.2956,0,0,0,0,0,4344,600.0606,0,2.906843,9.724718,0.5,98.5,1.67547,0.5,0.5,1.5,1,0.5,98,3.081701,0.7413,9.410173,185.2334,Bittorrent
A,1,9.998404,6,10473,6191,31657462,1469350,0,39096,3022.769,2715.2,0,0.033812,0.000954684,0.002116418,1047.467,3166252,0.2569611,0.9112894,1,27,42,42,0,4045473775,10473,31656014,0,826,1468858,0,8999,8997.336,8927,8999,352,354,683,0,10473,31419,0,1,0,0.000002,0.042206,0.001510752,0.002920074,0,-1,1,1,2,2,2,20,189,0,39096,3022.769,1448,1448,2896,1448,1448,39096,2715.645,1073.402,3.275262,18.48339,0.5,33.5,1.252483,0.5,0.5,1.5,1,0.5,33,1.99743,0.7413,4.92745,34.65314,Bittorrent
B,1,9.998493,6,6191,10473,1469350,31657462,0,5792,237.3365,613.2825,0,0.042239,0.001615003,0.002887662,619.1933,146957.1,-0.2569611,-0.9112894,1,4,64,64,0,251010813,6191,1467902,0,5646,31653118,0,24547,24544.52,24155,24567,2910,2680,3946,0,6191,18573,0,1,0,0.000002,0.02093,0.000165933,0.000732372,0.001676684,0.003010515,1,1,1,1,1,20,130,0,5792,237.3365,0,0,0,0,0,5792,613.7097,0,2.989533,11.32009,0.5,42.5,1.794508,0.5,0.5,1.5,1,0.5,42,2.815375,0.7413,5.205384,41.0083,Bittorrent
A,1,9.998002,6,10457,5836,27837356,1298308,0,31856,2662.079,1969.143,0,0.058351,0.000956104,0.00254112,1045.909,2784292,0.2836187,0.9108784,1,22,42,42,0,4017636419,10457,27835908,0,732,1288134,0,8999,8998.999,8945,8999,323,319,613,0,10457,31371,0,1,0,0.000002,0.087031,0.001556211,0.00385662,0,-1,1,1,2,2,2,20,185,0,31856,2662.079,1448,1448,2896,1448,1448,31856,1969.896,1073.402,3.440303,22.58736,0.5,58.5,1.281274,0.5,0.5,0.5,0,0.5,58,2.429194,0,7.302835,94.84014,Bittorrent
B,1,9.998,6,5836,10457,1298308,27837356,0,5792,222.4654,591.3066,0,0.087097,0.001713161,0.003571338,583.7167,129856.8,-0.2836187,-0.9108784,1,4,64,64,0,249712505,5836,1298308,0,5355,27834460,0,24555,24544.89,24028,24567,2809,2600,3797,0,5836,17508,0,1,0,0.000002,0.047066,0.000198968,0.001126282,0.001755179,0.004017714,1,1,1,1,1,20,131,0,5792,222.4654,0,0,0,0,0,5792,591.6713,0,3.099081,12.4669,0.5,87.5,1.9,0.5,0.5,1.5,1,0.5,87,3.499655,0.7413,8.451568,129.795,Bittorrent
A,1,9.998757,6,10263,6026,28255590,1329576,0,28960,2753.151,2131.019,0,0.025147,0.000974254,0.002216063,1026.427,2825910,0.2601142,0.9101188,1,20,42,42,0,3870817981,10263,28244006,0,775,1333726,0,8999,8998.999,8927,8999,320,308,603,0,10263,31026,0,1,0,0.000005,0.032542,0.001541773,0.002893909,0,-1,1,1,2,2,2,20,199,0,28960,2753.151,1448,1448,2896,1448,1448,28960,2131.411,1073.402,2.820882,12.3608,0.5,25.5,1.283376,0.5,0.5,1.5,1,0.5,25,2.098107,0.7413,4.560149,28.00776,Bittorrent
B,1,9.998752,6,6026,10263,1329576,28255590,0,4344,220.6399,583.437,0,0.032603,0.001659268,0.00278184,602.6752,132974.2,-0.2601142,-0.9101188,1,3,64,64,0,242839209,6025,1339020,0,5519,28252694,0,24551,24529.71,24187,24567,2816,2652,3830,0,6026,18078,0,1,0,0.000001,0.01735,0.000187592,0.000813509,0.001729365,0.003006079,1,1,1,1,1,20,124,0,4344,220.6399,0,0,0,0,0,4344,583.7839,0,2.919854,9.841063,0.5,32.5,1.840083,0.5,0.5,1.5,1,0.5,32,2.693451,0.7413,3.776835,20.05499,Bittorrent
A,1,9.998415,6,9602,5673,27759560,1340436,0,50680,2891.019,2428.954,0,0.037164,0.001041285,0.002175715,960.3522,2776396,0.2572177,0.9078738,1,35,42,42,0,3899073571,9602,27756664,0,776,1324802,0,8999,8998.999,8909,8999,258,250,497,0,9602,28806,0,1,0,0.000002,0.043725,0.001611955,0.002706868,0,-1,1,1,2,2,2,20,174,0,50680,2891.019,1448,1448,2896,1448,1448,50680,2431.586,1073.402,3.48267,26.44634,0.5,37.5,1.342412,0.5,0.5,1.5,1,0.5,37,2.0559,0.7413,4.376177,31.42122,Bittorrent
B,1,9.99849,6,5673,9602,1340436,27759560,0,5792,236.2834,606.5163,0,0.043749,0.001762469,0.00269149,567.3857,134063.8,-0.2572177,-0.9078738,1,4,64,64,0,244167337,5673,1340436,0,5148,27756664,0,24485,24505.05,24034,24567,2627,2536,3606,0,5673,17019,0,1,0,0.000002,0.017624,0.000189529,0.000816793,0.001801484,0.002827417,1,1,1,1,1,20,119,0,5792,236.2834,0,0,0,0,0,5792,606.9835,0,2.975817,11.44598,0.5,43.5,1.936001,0.5,0.5,2.5,2,0.5,43,2.606192,1.4826,3.801057,26.51172,Bittorrent
A,1,9.979087,6,9817,5616,27970834,1309942,0,26064,2849.224,2366.941,0,0.049458,0.001016514,0.002468468,983.7573,2802945,0.2722089,0.9105254,1,18,42,42,0,3814896323,9817,27970814,0,712,1312026,0,8999,8998.098,8909,8999,292,297,560,0,9817,29451,0,1,0,0,0.051042,0.001664175,0.003334492,0,-1,1,1,2,2,2,20,182,0,26064,2849.224,1448,1448,2896,1448,1448,26064,2367.963,1073.402,2.90826,11.70764,0.5,49.5,1.329258,0.5,0.5,1.5,1,0.5,49,2.358407,0.7413,5.781852,55.09123,Bittorrent
B,1,9.979085,6,5616,9817,1309942,27970834,0,5792,233.2518,617.0932,0,0.051081,0.001776902,0.003265918,562.777,131268.8,-0.2722089,-0.9105254,1,4,64,64,0,240245767,5616,1308496,0,5136,27965042,0,24522,24542.79,23748,24567,2637,2417,3563,0,5616,16848,0,1,0,0.000002,0.028698,0.000218654,0.001055132,0.001882829,0.003497448,1,1,1,1,1,20,135,0,5792,233.2518,0,0,0,0,0,5792,617.6348,0,3.011942,10.6521,0.5,51.5,1.959127,0.5,0.5,1.5,1,0.5,51,3.190886,0.7413,4.903052,38.14117,Bittorrent
A,1,9.999713,6,9982,5929,31409258,1447940,0,33304,3146.59,2822.443,0,0.033224,0.001001775,0.002504426,998.2286,3141016,0.2547294,0.9118647,1,23,42,42,0,3671578587,9978,31717238,4,786,1452588,0,8999,8996.299,8945,8999,345,341,646,0,9982,29946,0,1,0,0.000001,0.03656,0.001594261,0.003174631,0,-1,1,1,2,2,2,20,200,0,33304,3146.59,1448,2896,2896,1448,1448,33304,2823.432,1073.402,2.896636,12.38449,0.5,33.5,1.315149,0.5,0.5,0.5,0,0.5,33,2.39346,0,5.020151,32.7942,Bittorrent
B,1,9.991749,6,5929,9982,1447940,31409258,0,5792,244.2132,629.6719,0,0.036585,0.001685234,0.003061209,593.3896,144913.6,-0.2547294,-0.9118647,1,4,64,64,0,233593797,5929,1446492,0,5260,31403466,116,24491,24542.21,22117,24567,2790,2518,3676,0,5929,18150,0,1,0,0.000002,0.021851,0.000243707,0.00102904,0.001837969,0.003337245,1,1,1,1,1,20,133,0,5792,244.2132,0,0,0,0,0,5792,630.0576,0,2.966949,10.66405,0.5,36.5,1.868084,0.5,0.5,1.5,1,0.5,36,2.972878,0.7413,4.10392,22.97388,Bittorrent
A,1,9.999923,6,10321,6217,32217780,1486222,0,49232,3121.575,2788.164,0,0.07203,0.000968889,0.002571769,1032.108,3221803,0.2481558,0.9118074,1,34,42,42,0,3957490941,10321,32216332,0,823,1494910,0,8999,8998.364,8945,8999,366,360,701,0,10321,30963,0,1,0,0.000004,0.09506,0.001570557,0.003649542,0,-1,1,1,2,2,2,20,194,0,49232,3121.575,1448,2896,2896,1448,1448,49232,2788.681,1073.402,3.473377,24.43383,0.5,72.5,1.272868,0.5,0.5,1.5,1,0.5,72,2.471773,0.7413,9.549301,170.9606,Bittorrent
B,1,9.999903,6,6217,10321,1486222,32217780,0,5792,239.0577,612.5259,0,0.095162,0.001608475,0.003522377,621.7061,148623.6,-0.2481558,-0.9118074,1,4,64,64,0,246940861,6217,1486222,0,5638,32211988,0,24530,24541.87,24150,24567,2943,2724,3931,0,6217,18651,0,1,0,0.000001,0.041078,0.000189151,0.001016335,0.001759707,0.003788416,1,1,1,1,1,20,137,0,5792,239.0577,0,0,0,0,0,5792,612.868,0,2.922955,10.6969,0.5,95.5,1.790219,0.5,0.5,1.5,1,0.5,95,3.457464,0.7413,9.032306,149.4779,Bittorrent
A,1,9.997321,6,10290,6177,31793154,1455938,0,41992,3089.714,2732.33,0,0.07687,0.000971556,0.002410168,1029.276,3180167,0.2497723,0.9124224,1,29,42,42,0,3759037051,10290,31790258,0,814,1453916,0,8999,8996.354,8963,8999,295,299,583,0,10290,30870,0,1,0,0.000002,0.074731,0.001469577,0.002906173,0,-1,1,1,2,2,2,20,184,0,41992,3089.714,1448,2896,2896,1448,1448,41992,2734.324,1073.402,2.883531,13.81715,0.5,76.5,1.276946,0.5,0.5,1.5,1,0.5,76,2.307038,0.7413,10.17955,232.4497,Bittorrent
B,1,9.997196,6,6177,10290,1455938,31793154,0,5792,235.7031,613.7626,0,0.074769,0.001618454,0.003020918,617.8732,145634.6,-0.2497723,-0.9124224,1,4,64,64,0,237666207,6177,1455938,0,5622,31784466,0,24537,24543.96,24097,24567,2905,2719,3895,0,6177,18531,0,1,0,0.000002,0.026329,0.00021379,0.001002785,0.001683368,0.003074316,1,1,1,1,1,20,134,0,5792,235.7031,0,0,0,0,0,5792,614.1245,0,3.047248,11.86401,0.5,74.5,1.800194,0.5,0.5,1.5,1,0.5,74,2.947185,0.7413,7.336419,110.468,Bittorrent
A,1,9.998686,6,9321,5723,27927698,1285422,0,33304,2996.213,2579.24,0,0.025452,0.001072705,0.002279547,932.2225,2793137,0.2391651,0.911997,1,23,42,42,0,3989708721,9320,28368806,1,755,1298884,0,8999,8994.188,8963,8999,256,256,494,0,9321,27963,0,1,0,0.000001,0.037807,0.00160304,0.002927164,0,-1,1,1,2,2,2,20,176,0,33304,2996.213,1448,2896,2896,1448,1448,33304,2581.301,1073.402,3.178153,15.70117,0.5,25.5,1.36867,0.5,0.5,1.5,1,0.5,25,2.159963,0.7413,4.236261,23.52842,Bittorrent
B,1,9.998901,6,5723,9321,1285422,27927698,0,5792,224.6063,578.4106,0,0.038946,0.001747141,0.002957823,572.3629,128556.3,-0.2391651,-0.911997,1,4,64,64,0,248427083,5723,1285422,0,5092,27913218,117,24509,24524.66,21477,24567,2573,2458,3486,0,5723,17541,0,1,0,0.000001,0.016654,0.000159449,0.000702099,0.001762489,0.003010188,1,1,1,1,1,20,124,0,5792,224.6063,0,0,0,0,0,5792,578.8896,0,2.829867,9.64126,0.5,38.5,1.920133,0.5,0.5,1.5,1,0.5,38,2.867889,0.7413,4.320849,29.72749,Bittorrent
A,1,9.99619,6,12223,6941,33915596,1571080,0,28960,2774.736,2207.604,0,0.036274,0.000817819,0.001931508,1222.766,3392852,0.275621,0.9114552,1,20,42,42,0,4253318991,12223,33912700,0,905,1574258,0,8990,8998.999,8936,8999,350,354,687,0,12223,36669,0,1,0,0.000001,0.030751,0.001310012,0.002545952,0,-1,1,1,2,2,2,20,175,0,28960,2774.736,1448,1448,2896,1448,1448,28960,2209.159,1073.402,3.101279,14.76768,0.5,36.5,1.144739,0.5,0.5,0.5,0,0.5,36,1.816639,0,5.505606,47.00046,Bittorrent
B,1,9.996259,6,6941,12223,1571080,33915596,0,4344,226.3478,573.4753,0,0.036329,0.001440175,0.002565272,694.3598,157166.8,-0.275621,-0.9114552,1,3,64,64,0,260637885,6941,1569632,0,6303,33905460,0,24499,24529.92,24205,24567,3318,3029,4431,0,6941,20823,0,1,0,0.000001,0.026318,0.000168782,0.000801674,0.001478795,0.002669186,1,1,1,1,1,20,124,0,4344,226.3478,0,0,0,0,0,4344,573.8163,0,2.56041,6.45473,0.5,36.5,1.640634,0.5,0.5,1.5,1,0.5,36,2.485431,0.7413,4.720112,32.49637,Bittorrent
A,1,9.993913,6,8534,5044,23947380,1162202,0,36200,2806.114,2267.32,0,0.044772,0.001171068,0.002537835,853.9198,2396197,0.2570334,0.9074296,1,25,42,42,0,185973511,8534,23944484,0,673,1154868,0,8999,8998.99,8963,8999,251,249,483,0,8534,25602,0,1,0,0.000002,0.049678,0.001787489,0.00313323,0,-1,1,1,2,2,2,20,189,0,36200,2806.114,1448,2896,2896,1448,1448,36200,2268.329,1073.402,3.739319,25.92288,0.5,44.5,1.4741,0.5,0.5,1.5,1,0.5,44,2.415697,0.7413,4.374501,30.13599,Bittorrent
B,1,9.993968,6,5044,8534,1162202,23947380,0,5792,230.4128,584.3021,0,0.049715,0.001981361,0.00315776,504.7044,116290.3,-0.2570334,-0.9074296,1,4,64,64,0,271321429,5044,1160754,0,4568,23940140,0,24535,24548.78,24174,24567,2386,2201,3168,0,5044,15132,0,1,0,0.000002,0.01801,0.000202275,0.000865965,0.001989764,0.003250696,1,1,1,1,1,20,122,0,5792,230.4128,0,0,0,0,0,5792,584.7027,0,2.874152,10.82956,0.5,49.5,2.151398,0.5,0.5,2.5,2,0.5,49,3.064724,1.4826,3.706325,24.21498,Bittorrent
A,1,9.996423,6,8380,5114,24734142,1216382,0,31856,2951.568,2562.887,0,0.039176,0.001192893,0.002434672,838.2999,2474299,0.2420335,0.9062538,1,22,42,42,0,263875535,8380,24731246,0,737,1197868,0,8999,8998.999,8963,8999,253,244,477,0,8380,25140,0,1,0,0.000004,0.031293,0.001825644,0.002908782,0,-1,1,1,2,2,2,20,181,0,31856,2951.568,1448,2896,2896,1448,1448,31856,2563.559,1073.402,3.406494,17.95488,0.5,39.5,1.479711,0.5,0.5,1.5,1,0.5,39,2.31487,0.7413,4.641859,33.37269,Bittorrent
B,1,9.996923,6,5114,8380,1216382,24734142,0,4344,237.8533,575.9526,0,0.03141,0.001954813,0.002908239,511.5574,121675.6,-0.2420335,-0.9062538,1,3,64,64,0,275029899,5114,1214934,0,4586,24731246,0,24554,24529.37,24120,24567,2312,2250,3193,0,5114,15342,0,1,0,0.000002,0.022096,0.000210811,0.00089748,0.002036455,0.00304409,1,1,1,1,1,20,121,0,4344,237.8533,0,0,0,0,0,4344,576.4135,0,2.412524,5.723304,0.5,31.5,2.114316,0.5,1.5,2.5,2,0.5,31,2.827854,1.4826,3.447839,16.7114,Bittorrent
A,1,9.994173,6,10228,5972,29408646,1383954,0,21720,2875.308,2284.008,0,0.041221,0.000977139,0.002185015,1023.396,2942579,0.2627161,0.9101112,1,15,42,42,0,4160027615,10228,29407198,0,800,1371708,0,8999,8997.639,8945,8999,328,328,631,0,10228,30684,0,1,0,0.000005,0.050997,0.001555478,0.002947083,0,-1,1,1,2,2,2,20,176,0,21720,2875.308,1448,2896,2896,1448,1448,21720,2285.425,1073.402,2.587383,8.66321,0.5,41.5,1.284296,0.5,0.5,1.5,1,0.5,41,2.068648,0.7413,5.483129,48.44647,Bittorrent
B,1,9.994202,6,5972,10228,1383954,29408646,0,5792,231.7404,595.1005,0,0.051032,0.001673509,0.002895079,597.5464,138475.7,-0.2627161,-0.9101112,1,4,64,64,0,256318213,5972,1383954,0,5459,29405750,0,24561,24535.71,24207,24567,2840,2603,3840,0,5972,17916,0,1,0,0.000002,0.029438,0.000181948,0.000917698,0.001737426,0.00308666,1,1,1,1,1,20,126,0,5792,231.7404,0,0,0,0,0,5792,595.5653,0,2.867082,10.11831,0.5,51.5,1.844331,0.5,0.5,1.5,1,0.5,51,2.810546,0.7413,6.069007,65.47527,Bittorrent
A,1,9.996237,6,10216,6052,29319094,1364196,0,39096,2869.919,2364.223,0,0.032096,0.000978489,0.002157043,1021.985,2933013,0.2559626,0.9110789,1,27,42,42,0,4189436261,10216,29317646,0,788,1362398,0,8990,8998.229,8972,8999,334,334,653,0,10216,30648,0,1,0,0.000002,0.058334,0.001541106,0.003015127,0,-1,1,1,2,2,2,20,180,0,39096,2869.919,1448,1448,2896,1448,1448,39096,2365.67,1073.402,3.3337,21.28434,0.5,32.5,1.280813,0.5,0.5,1.5,1,0.5,32,2.040568,0.7413,5.232019,40.67756,Bittorrent
B,1,9.985717,6,6052,10216,1364196,29319094,0,4344,225.4124,577.7185,0,0.058373,0.001649986,0.002930655,606.0657,136614.7,-0.2559626,-0.9110789,1,3,64,64,0,257702167,6052,1364196,0,5527,29306062,0,24491,24500.86,24066,24567,2810,2671,3918,0,6052,18156,0,1,0,0.000002,0.023883,0.000157661,0.000765074,0.001698767,0.00311068,1,1,1,1,1,20,124,0,4344,225.4124,0,0,0,0,0,4344,578.1553,0,2.694519,7.764941,0.5,58.5,1.820443,0.5,0.5,1.5,1,0.5,58,2.855231,0.7413,6.413591,75.9239,Bittorrent
A,1,9.997127,6,6030,10342,1392794,30290568,0,5792,230.9774,609.8699,0,0.075087,0.001657899,0.003383159,603.1733,139319.4,-0.2633765,-0.9120804,1,4,64,64,0,254925419,6030,1392794,0,5516,30290568,0,24500,24532.98,24024,24567,2846,2624,3820,0,6030,18090,0,1,0,0.000002,0.024743,0.000169052,0.000831673,0,-1,1,1,2,2,2,20,134,0,5792,230.9774,0,0,0,0,0,5792,610.2863,0,3.19321,13.73927,0.5,75.5,1.834882,0.5,0.5,1.5,1,0.5,75,3.319446,0.7413,9.267935,144.6169,Bittorrent
B,1,9.996974,6,10342,6030,30290568,1392794,0,33304,2928.889,2551.17,0,0.069958,0.000966637,0.002396398,1034.513,3029974,0.2633765,0.9120804,1,23,42,42,0,4129737047,10342,30287672,0,792,1409324,0,8990,8996.354,8963,8999,316,316,609,0,10342,31026,0,1,0,0.000003,0.075024,0.001586742,0.003688286,0.001755794,0.00378089,1,1,1,1,1,20,190,0,33304,2928.889,1448,1448,2896,1448,1448,33304,2551.933,1073.402,3.42086,18.99093,0.5,69.5,1.27449,0.5,0.5,1.5,1,0.5,69,2.289242,0.7413,8.821152,150.9908,Bittorrent
A,1,9.997464,6,12065,6831,34563636,1571522,0,59368,2864.785,2555.603,0,0.070398,0.000828635,0.002395764,1206.806,3457240,0.2769898,0.9130197,1,41,42,42,0,4218755355,12065,34560740,0,857,1566842,0,8999,8998.843,8963,8999,380,375,717,0,12065,36195,0,1,0,0.000002,0.084449,0.00141679,0.003632159,0,-1,1,1,2,2,2,20,193,0,59368,2864.785,1448,1448,2896,1448,1448,59368,2556.273,1073.402,4.948666,56.03585,0.5,70.5,1.154344,0.5,0.5,0.5,0,0.5,70,2.303986,0,10.4967,190.2366,Bittorrent
B,1,9.997455,6,6831,12065,1571522,34563636,0,5792,230.0574,615.2455,0,0.086267,0.001463544,0.003565213,683.2739,157192.2,-0.2769898,-0.9130197,1,4,64,64,0,259066363,6831,1571522,0,6289,34559292,0,24543,24543.78,24012,24567,3291,3010,4411,0,6831,20493,0,1,0,0.000002,0.043664,0.000187426,0.001356076,0.001604216,0.003877051,1,1,1,1,1,20,134,0,5792,230.0574,0,0,0,0,0,5792,615.5786,0,3.133809,12.2731,0.5,86.5,1.661347,0.5,0.5,1.5,1,0.5,86,3.508502,0.7413,10.72248,178.3186,Bittorrent
A,1,9.99072,6,5244,8988,1175548,24787634,0,5792,224.1701,583.9901,0,0.067107,0.001905171,0.00345767,524.8871,117664,-0.2630692,-0.909445,1,4,64,64,0,269138003,5244,1175548,0,4777,24787634,0,24567,24529.62,24310,24567,2515,2285,3322,0,5244,15732,0,1,0,0.000001,0.043407,0.000190031,0.001028118,0,-1,1,1,2,2,2,20,127,0,5792,224.1701,0,0,0,0,0,5792,584.655,0,3.106102,13.51357,0.5,67.5,2.078676,0.5,0.5,2.5,2,0.5,67,3.382358,1.4826,6.561123,78.20125,Bittorrent
B,1,9.98371,6,8988,5244,24787634,1175548,0,28960,2757.859,2123.378,0,0.067109,0.001110782,0.002673299,900.2665,2482808,0.2630692,0.909445,1,20,42,42,0,140614633,8988,24783290,0,697,1198444,1,8981,8998.999,8954,8999,248,243,465,0,8988,26964,0,1,0,0.000002,0.067081,0.001773748,0.003554921,0.001963779,0.003700607,1,1,1,1,1,20,184,0,28960,2757.859,1448,2896,2896,1448,1448,28960,2125.415,1073.402,3.409153,19.692,0.5,67.5,1.420107,0.5,0.5,1.5,1,0.5,67,2.563562,0.7413,8.168874,131.2136,Bittorrent
A,1,9.995277,6,10234,6127,29584458,1409778,0,44888,2890.801,2285.051,0,0.050754,0.000976674,0.002143416,1023.884,2959844,0.2510238,0.9090297,1,31,42,42,0,44213559,10234,29581562,0,830,1410612,0,8999,8994.431,8927,8999,297,301,582,0,10234,30702,0,1,0,0.000004,0.083598,0.001492699,0.002793384,0,-1,1,1,2,2,2,20,180,0,44888,2890.801,1448,2896,2896,1448,1448,44888,2285.529,1073.402,3.175456,22.30173,0.5,50.5,1.278169,0.5,0.5,1.5,1,0.5,50,2.025841,0.7413,5.92298,68.19941,Bittorrent
B,1,9.999068,6,6127,10234,1409778,29584458,0,5792,230.0927,597.4812,0,0.083619,0.001631964,0.002816438,612.7571,140990.9,-0.2510238,-0.9090297,1,4,64,64,0,264665307,6127,1408330,0,5588,29580114,0,24547,24533.37,24232,24567,2868,2720,3915,0,6127,18381,0,1,0,0.000002,0.012615,0.000171434,0.000688433,0.001664132,0.002876966,1,1,1,1,1,20,120,0,5792,230.0927,0,0,0,0,0,5792,597.8136,0,3.083314,13.00553,0.5,83.5,1.803461,0.5,0.5,1.5,1,0.5,83,2.735611,0.7413,8.19821,162.2632,Bittorrent
A,1,9.996216,6,10291,6091,28207442,1348494,0,26064,2740.982,2000.135,0,0.030292,0.000971356,0.002086556,1029.49,2821812,0.2563789,0.9087497,1,18,42,42,0,16006117,10291,28204546,0,809,1345324,11,8999,8998.998,8801,8999,271,275,535,0,10291,31497,0,1,0,0.000003,0.055906,0.001494294,0.002814604,0,-1,1,1,2,2,2,20,190,0,26064,2740.982,1448,2872,2896,1448,1448,26064,2000.655,1073.402,2.698492,11.78809,0.5,30.5,1.280855,0.5,0.5,1.5,1,0.5,30,1.966747,0.7413,4.721864,34.26067,Bittorrent
B,1,9.996433,6,6091,10291,1348494,28207442,0,4344,221.3912,565.275,0,0.055954,0.001641182,0.002680526,609.3173,134897.5,-0.2563789,-0.9087497,1,3,64,64,0,263319049,6089,1396900,0,5527,28205994,0,24566,24543.85,23873,24567,2884,2641,3819,0,6091,18273,0,1,0,0.000002,0.023762,0.000181679,0.000810049,0.001675973,0.002928852,1,1,1,1,1,20,119,0,4344,221.3912,0,0,0,0,0,4344,565.6415,0,2.688294,8.056296,0.5,55.5,1.821511,0.5,0.5,2.5,2,0.5,55,2.593829,1.4826,5.124023,52.80176,Bittorrent
A,1,9.996273,6,6243,10556,1498810,32414660,0,4344,240.0785,602.763,0,0.13444,0.001601195,0.003865505,624.5328,149936.9,-0.2567415,-0.9116097,1,3,64,64,0,267639193,6243,1498810,0,5690,32414660,0,24558,24538.19,24137,24567,2987,2688,3896,0,6243,18729,0,1,0,0.000002,0.032632,0.000201633,0.001056442,0,-1,1,1,2,2,2,20,138,0,4344,240.0785,0,0,0,0,0,4344,603.0843,0,2.739167,8.575624,0.5,134.5,1.788689,0.5,0.5,1.5,1,0.5,134,3.809218,0.7413,13.56317,342.0472,Bittorrent
B,1,9.996221,6,10556,6243,32414660,1498810,0,37648,3070.733,2773.184,0,0.079386,0.000946971,0.002643939,1055.999,3242692,0.2567415,0.9116097,1,26,42,42,0,108199973,10556,32411764,0,821,1495958,0,8990,8997.677,8936,8999,377,370,717,0,10556,31668,0,1,0,0.000002,0.134386,0.001570726,0.004241931,0.001772359,0.004371504,1,1,1,1,1,20,198,0,37648,3070.733,1448,2896,2896,1448,1448,37648,2774.415,1073.402,3.345424,19.0656,0.5,79.5,1.258314,0.5,0.5,0.5,0,0.5,79,2.545818,0,10.67027,215.4605,Bittorrent
A,1,9.99547,6,8622,5163,23738826,1110084,0,43440,2753.285,2260.972,0,0.076227,0.001159299,0.00277919,862.5908,2374958,0.2509249,0.9106533,1,30,42,42,0,4287234587,8616,24624512,6,624,1113140,0,8999,8998.999,8828,8999,232,226,439,0,8622,25866,0,1,0,0,0.076023,0.001747119,0.003205776,0,-1,1,1,2,2,2,20,187,0,43440,2753.285,1448,1448,2896,1448,1448,43440,2261.977,1073.402,4.252977,38.46975,0.5,76.5,1.468449,0.5,0.5,1.5,1,0.5,76,2.6647,0.7413,7.303723,115.5102,Bittorrent
B,1,9.992385,6,5163,8622,1110084,23738826,0,5792,215.0076,605.9675,0,0.076073,0.001935383,0.003414,516.6935,111093,-0.2509249,-0.9106533,1,4,64,64,0,262208965,5163,1110084,0,4399,23733034,333,24543,24519.3,21222,24567,2288,2133,3098,0,5163,16506,0,1,0,0.000001,0.042099,0.000190128,0.001026079,0.001937248,0.003365983,1,1,1,1,1,20,125,0,5792,215.0076,0,0,0,0,0,5792,606.3656,0,3.657628,18.60413,0.5,76.5,2.113328,0.5,0.5,2.5,2,0.5,76,3.32512,1.4826,5.761763,72.20351,Bittorrent
A,1,9.99201,6,11139,6565,34401956,1564108,0,33304,3088.424,2756.461,0,0.050082,0.000897031,0.002393315,1114.791,3442946,0.2583597,0.9130231,1,23,42,42,0,73798017,11139,34400508,0,813,1555332,0,8999,8996.299,8918,8999,344,336,636,0,11139,33417,0,1,0,0.000002,0.057872,0.001475265,0.003580308,0,-1,1,1,2,2,2,20,192,0,33304,3088.424,1448,2896,2896,1448,1448,33304,2760.517,1073.402,3.154166,16.0622,0.5,50.5,1.213593,0.5,0.5,0.5,0,0.5,50,2.295303,0,7.072266,78.03787,Bittorrent
B,1,9.990214,6,6565,11139,1564108,34401956,0,4344,238.2495,615.8757,0,0.057958,0.001521737,0.003341777,657.1431,156564,-0.2583597,-0.9130231,1,3,64,64,0,266075085,6565,1564108,0,5991,34396164,0,24563,24533.28,23715,24567,3166,2815,4137,0,6565,19695,0,1,0,0.000001,0.040598,0.000187923,0.00111263,0.001663188,0.003749207,1,1,1,1,1,20,140,0,4344,238.2495,0,0,0,0,0,4344,616.2028,0,2.887949,9.570956,0.5,57.5,1.719836,0.5,0.5,1.5,1,0.5,57,3.268049,0.7413,6.669616,66.40277,Bittorrent
A,1,9.988272,6,4401,7590,1007878,20571244,0,5792,229.0111,592.7341,0,0.040397,0.002269546,0.003537785,440.6168,100906.1,-0.2659495,-0.9065877,1,4,64,64,0,270313551,4401,1006430,0,3963,20571244,30,24567,24515.41,23843,24567,2081,1931,2793,0,4401,13305,0,1,0,0.000001,0.018687,0.000215573,0.000885195,0,-1,1,1,2,2,2,20,124,0,5792,229.0111,0,0,0,0,0,5792,593.3265,0,3.176036,14.47542,0.5,40.5,2.436136,0.5,0.5,3.5,3,0.5,40,3.455398,2.2239,3.160453,14.32189,Bittorrent
B,1,9.985445,6,7590,4401,20571244,1007878,0,30408,2710.309,2038.029,0,0.040377,0.001315605,0.002864537,760.1063,2060123,0.2659495,0.9065877,1,21,42,42,0,165402267,7589,20657388,1,585,988696,0,8999,8998.999,8963,8999,188,190,365,0,7590,22770,0,1,0,0.000001,0.040387,0.002136888,0.003622308,0.002352461,0.003728898,1,1,1,1,1,20,184,0,30408,2710.309,1448,2896,2896,1448,1448,30408,2039.082,1073.402,3.458832,22.10874,0.5,40.5,1.622019,0.5,0.5,1.5,1,0.5,40,2.746998,0.7413,4.075891,23.16563,Bittorrent
A,1,9.996364,6,8615,5170,24904608,1186208,0,30408,2890.843,2307.579,0,0.067199,0.001160344,0.002471574,861.8134,2491367,0.2499093,0.9090708,1,21,42,42,0,238970927,8615,24901712,0,709,1191076,0,8999,8998.999,8963,8999,233,236,457,0,8615,25845,0,1,0,0.000002,0.042758,0.001789346,0.00296937,0,-1,1,1,2,2,2,20,180,0,30408,2890.843,1448,2896,2896,1448,1448,30408,2308.286,1073.402,3.066699,15.39408,0.5,67.5,1.454493,0.5,0.5,1.5,1,0.5,67,2.349774,0.7413,6.411695,98.50743,Bittorrent
B,1,9.996354,6,5170,8615,1186208,24904608,0,5792,229.4406,592.0268,0,0.051945,0.001933529,0.003081592,517.1885,118664.1,-0.2499093,-0.9090708,1,4,64,64,0,273843691,5170,1186208,0,4705,24901712,0,24550,24540.14,24131,24567,2434,2273,3241,0,5170,15510,0,1,0,0.000002,0.040153,0.000197959,0.00100203,0.001987304,0.003133883,1,1,1,1,1,20,128,0,5792,229.4406,0,0,0,0,0,5792,592.4136,0,3.102282,13.66531,0.5,51.5,2.097795,0.5,1.5,2.5,2,0.5,51,2.996412,1.4826,4.917988,44.24112,Bittorrent
A,1,1.579982,6,1477,853,3804428,181430,0,15928,2575.781,1649.119,0,0.019723,0.001069724,0.002198282,934.8207,2407893,0.2678111,0.9089631,1,11,42,42,0,288609677,1477,3802980,0,125,199204,0,8999,8998.974,8972,8999,43,42,81,0,1477,4431,0,1,0,0.000005,0.018864,0.001659324,0.002493416,0,-1,1,1,2,2,2,20,67,0,15928,2575.781,1448,2896,2896,1448,1448,15928,1651.759,1073.402,2.516225,10.64778,0.5,19.5,1.388889,0.5,0.5,1.5,1,0.5,19,2.064351,0.7413,3.582525,17.27691,Bittorrent
B,1,1.578447,6,853,1477,181430,3804428,0,4344,212.6964,543.5696,0,0.018925,0.001850465,0.002562921,540.4046,114942.1,-0.2678111,-0.9089631,1,3,64,64,0,276246281,853,181430,0,775,3798636,0,24554,24488.21,24307,24567,407,375,545,0,853,2559,0,1,0,0.000001,0.011604,0.000165164,0.000646276,0.001824488,0.00257581,1,1,1,1,1,20,39,0,4344,212.6964,0,0,0,0,0,4344,545.3085,0,2.645656,7.678542,0.5,18.5,2.034038,0.5,0.5,2.5,2,0.5,18,2.4562,1.4826,2.339644,6.692689,Bittorrent
A,1,9.996653,6,10582,6035,29050036,1361508,0,31856,2745.231,2140.89,0,0.03406,0.000944686,0.002150098,1058.554,2905976,0.2736354,0.9104611,1,22,42,42,0,209920891,10582,29047140,0,796,1368682,7,8999,8998.337,8774,8999,306,300,585,0,10582,32070,0,1,0,0.000001,0.052746,0.001504179,0.002940845,0,-1,1,1,2,2,2,20,195,0,31856,2745.231,1448,2896,2896,1448,1448,31856,2141.37,1073.402,3.602933,22.61703,0.5,34.5,1.264767,0.5,0.5,1.5,1,0.5,34,2.026327,0.7413,4.87045,34.09667,Bittorrent
B,1,9.996562,6,6035,10582,1361508,29050036,0,4344,225.602,575.821,0,0.052852,0.00165643,0.002864285,603.7076,136197.6,-0.2736354,-0.9104611,1,3,64,64,0,272483631,6034,1395014,0,5485,29045692,0,24546,24543.08,23963,24567,2893,2638,3803,0,6035,18105,0,1,0,0.000002,0.01718,0.000182251,0.000783128,0.00168643,0.00304333,1,1,1,1,1,20,128,0,4344,225.602,0,0,0,0,0,4344,576.1117,0,2.690983,7.877521,0.5,52.5,1.837587,0.5,0.5,1.5,1,0.5,52,2.777372,0.7413,5.201065,46.08454,Bittorrent
A,1,9.999448,6,9649,5710,29465600,1362180,0,39096,3053.747,2773.663,0,0.055379,0.001036319,0.002481675,964.9533,2946723,0.256462,0.9116265,1,27,42,42,0,512826719,9649,29462704,0,761,1361024,0,8999,8998.999,8954,8999,346,347,659,0,9649,28947,0,1,0,0.000003,0.083328,0.001686003,0.003643137,0,-1,1,1,2,2,2,20,195,0,39096,3053.747,1448,2896,2896,1448,1448,39096,2775.093,1073.402,3.592596,20.89814,0.5,55.5,1.342247,0.5,0.5,1.5,1,0.5,55,2.371217,0.7413,6.404255,69.25567,Bittorrent
B,1,9.999356,6,5710,9649,1362180,29465600,0,4344,238.5604,617.0847,0,0.083363,0.001751201,0.003318257,571.0367,136226.8,-0.256462,-0.9116265,1,3,64,64,0,286615171,5710,1362180,0,5169,29461256,0,24534,24535.16,24092,24567,2701,2467,3581,0,5710,17130,0,1,0,0.000001,0.024913,0.00017716,0.000763563,0.001863163,0.003722295,1,1,1,1,1,20,130,0,4344,238.5604,0,0,0,0,0,4344,617.4241,0,2.9296,10.03416,0.5,83.5,1.924768,0.5,0.5,1.5,1,0.5,83,3.239963,0.7413,6.982915,99.34842,Bittorrent
A,1,9.999827,6,10081,5898,29692140,1391916,0,40544,2945.357,2487.093,0,0.041081,0.000991944,0.002351175,1008.117,2969265,0.2617811,0.9104418,1,28,42,42,0,449328991,10081,29689244,0,778,1386484,0,8999,8998.667,8945,8999,283,285,549,0,10081,30243,0,1,0,0.000003,0.068155,0.001633896,0.003427,0,-1,1,1,2,2,2,20,180,0,40544,2945.357,1448,2896,2896,1448,1448,40544,2489.002,1073.402,3.5327,22.6488,0.5,41.5,1.310119,0.5,0.5,1.5,1,0.5,41,2.234993,0.7413,5.459383,46.55497,Bittorrent
B,1,9.999826,6,5898,10081,1391916,29692140,0,4344,235.998,599.3668,0,0.068185,0.001695461,0.003143396,589.8102,139194,-0.2617811,-0.9104418,1,3,64,64,0,283675413,5898,1391916,0,5314,29689244,0,24558,24530.02,24199,24567,2804,2559,3711,0,5898,17694,0,1,0,0.000001,0.028274,0.000199765,0.000950905,0.001833662,0.00355648,1,1,1,1,1,20,129,0,4344,235.998,0,0,0,0,0,4344,599.8423,0,2.810487,9.215691,0.5,68.5,1.886129,0.5,0.5,1.5,1,0.5,68,3.060832,0.7413,6.005686,68.77211,Bittorrent
A,1,9.99142,6,10500,6423,31766534,1482978,0,63712,3025.384,2653.702,0,0.069785,0.000951564,0.002285506,1050.902,3179382,0.2409147,0.910797,1,44,42,42,0,680785035,10500,31765086,0,841,1486952,0,8999,8998.999,8963,8999,344,342,663,0,10500,31500,0,1,0,0.000004,0.069775,0.001488411,0.003018721,0,-1,1,1,2,2,2,20,187,0,63712,3025.384,1448,2896,2896,1448,1448,63712,2654.917,1073.402,3.787462,36.6456,0.5,69.5,1.235594,0.5,0.5,1.5,1,0.5,69,2.188663,0.7413,9.382134,183.1142,Bittorrent
B,1,9.990718,6,6423,10500,1482978,31766534,0,5792,230.8856,608.6234,0,0.069811,0.001555463,0.002991428,642.8967,148435.6,-0.2409147,-0.910797,1,4,64,64,0,294288325,6423,1482978,0,5826,31760742,0,24541,24537.44,24228,24567,2915,2826,4074,0,6423,19269,0,1,0,0.000002,0.019854,0.000182541,0.000884266,0.001670953,0.003145569,1,1,1,1,1,20,131,0,5792,230.8856,0,0,0,0,0,5792,608.9457,0,3.15548,13.38558,0.5,69.5,1.717378,0.5,0.5,1.5,1,0.5,69,2.935865,0.7413,7.86494,110.8498,Bittorrent
A,1,2.73415,6,3027,1786,8972404,418766,0,24616,2964.124,2488.128,0,0.03382,0.000903254,0.002122719,1107.108,3281606,0.2578433,0.9108171,1,17,42,42,0,742102873,3027,8969508,0,237,418810,0,8999,8998.975,8972,8999,88,91,173,0,3027,9081,0,1,0,0.000004,0.066161,0.00151214,0.003816133,0,-1,1,1,2,2,2,20,99,0,24616,2964.124,1448,2896,2896,1448,1448,24616,2491.969,1073.402,2.859571,11.77834,0.5,33.5,1.219101,0.5,0.5,1.5,1,0.5,33,2.006867,0.7413,5.841089,52.57819,Bittorrent
B,1,2.731634,6,1786,3027,418766,8972404,0,4344,234.4715,587.2216,0,0.066192,0.001529469,0.003157169,653.8212,153302.4,-0.2578433,-0.9108171,1,3,64,64,0,297136789,1786,418766,0,1620,8968060,0,24560,24544.6,24195,24567,865,771,1127,0,1786,5358,0,1,0,0.000002,0.018197,0.000187983,0.000819658,0.001700124,0.003903166,1,1,1,1,1,20,58,0,4344,234.4715,0,0,0,0,0,4344,588.12,0,2.663472,7.867587,0.5,66.5,1.722409,0.5,0.5,1.5,1,0.5,66,3.103114,0.7413,8.983644,134.9807,Bittorrent
A,1,9.985506,6,11830,6752,33805588,1547842,0,34752,2857.615,2390.016,0,0.037229,0.000844083,0.002142019,1184.717,3385466,0.2732752,0.9124361,1,24,42,42,0,479021131,11830,33805588,0,852,1551522,0,8999,8993.6,8963,8999,340,344,654,0,11830,35490,0,1,0,0.000002,0.059576,0.001389857,0.003252392,0,-1,1,1,2,2,2,20,188,0,34752,2857.615,1448,2896,2896,1448,1448,34752,2391.444,1073.402,3.691588,22.54167,0.5,37.5,1.170048,0.5,0.5,0.5,0,0.5,37,2.032148,0,6.23413,56.45358,Bittorrent
B,1,9.95922,6,6752,11830,1547842,33805588,0,5792,229.242,612.9541,0,0.05963,0.001475006,0.00305218,677.9647,155418,-0.2732752,-0.9124361,1,4,64,64,0,285067329,6752,1546394,0,6130,33801244,0,24547,24554.21,23962,24567,3221,2928,4227,0,6752,20256,0,1,0,0.000002,0.015992,0.000176328,0.000780173,0.001566185,0.003344656,1,1,1,1,1,20,133,0,5792,229.242,0,0,0,0,0,5792,613.2802,0,3.19182,13.09435,0.5,59.5,1.674048,0.5,0.5,1.5,1,0.5,59,2.978901,0.7413,7.253037,84.25673,Bittorrent
A,1,9.992921,6,9606,5751,30170770,1366464,0,33304,3140.825,2818.187,0,0.04106,0.00104028,0.002511286,961.2805,3019214,0.2510256,0.9133428,1,23,42,42,0,359973937,9606,30169322,0,753,1355234,2,8999,8998.969,8900,8999,293,288,555,0,9606,29007,0,1,0,0.000002,0.058442,0.00171179,0.003791359,0,-1,1,1,2,2,2,20,210,0,33304,3140.825,1448,2896,2896,1448,1448,33304,2819.598,1073.402,2.99501,13.97335,0.5,41.5,1.342062,0.5,0.5,1.5,1,0.5,41,2.405079,0.7413,5.866536,51.00673,Bittorrent
B,1,9.991918,6,5751,9606,1366464,30170770,0,5792,237.6046,605.8311,0,0.058461,0.001737422,0.003427566,575.5652,136756.9,-0.2510256,-0.9133428,1,4,64,64,0,279561633,5750,1380948,0,5216,30160634,0,24529,24504.33,24150,24567,2716,2478,3626,0,5751,17253,0,1,0,0.000001,0.020859,0.000193528,0.000878165,0.001905318,0.003891732,1,1,1,1,1,20,134,0,5792,237.6046,0,0,0,0,0,5792,606.1818,0,2.971999,11.58905,0.5,58.5,1.91513,0.5,0.5,1.5,1,0.5,58,3.35814,0.7413,5.917593,52.79055,Bittorrent
A,1,9.98138,6,11945,6384,33652944,1527958,0,56472,2817.325,2367.415,0,0.055557,0.000835612,0.002556761,1196.728,3371572,0.303399,0.913137,1,39,42,42,0,542292319,11945,33652944,0,762,1535414,0,8999,8989.009,8927,8999,352,352,652,0,11945,35835,0,1,0,0.000001,0.080692,0.001502443,0.004052127,0,-1,1,1,2,2,2,20,200,0,56472,2817.325,1448,2896,2896,1448,1448,56472,2368.54,1073.402,4.351623,43.02223,0.5,55.5,1.177411,0.5,0.5,0.5,0,0.5,55,2.457613,0,8.019502,100.0024,Bittorrent
B,1,9.978667,6,6384,11945,1527958,33652944,0,5792,239.3418,646.2571,0,0.113129,0.001563076,0.003938729,639.7648,153122.5,-0.303399,-0.913137,1,4,64,64,0,287977351,6384,1526510,0,5807,33650048,0,24545,24525.44,23717,24567,3137,2747,3987,0,6384,19152,0,1,0,0.000002,0.040503,0.000219663,0.001282803,0.001722106,0.004250331,1,1,1,1,1,20,147,0,5792,239.3418,0,0,0,0,0,5792,646.6651,0,3.287599,13.73512,0.5,113.5,1.775575,0.5,0.5,1.5,1,0.5,113,3.874283,0.7413,9.070979,152.7175,Bittorrent
A,1,9.998414,6,11833,6690,33556306,1553408,0,39096,2835.824,2402.868,0,0.077239,0.000844959,0.002386821,1183.488,3356163,0.2776548,0.9115112,1,27,42,42,0,326417631,11833,33553410,0,844,1564146,0,8999,8998.844,8954,8999,341,341,653,0,11833,35499,0,1,0,0.000002,0.046628,0.001376522,0.003033988,0,-1,1,1,2,2,2,20,188,0,39096,2835.824,1448,2896,2896,1448,1448,39096,2403.486,1073.402,3.997201,29.54107,0.5,77.5,1.173935,0.5,0.5,0.5,0,0.5,77,2.289171,0,10.26799,214.3404,Bittorrent
B,1,9.998419,6,6690,11833,1553408,33556306,0,5792,232.1985,610.3411,0,0.058683,0.001494531,0.003153594,669.1058,155365.4,-0.2776548,-0.9115112,1,4,64,64,0,278008225,6690,1553408,0,6088,33553410,0,24555,24548.96,24023,24567,3254,2904,4260,0,6690,20070,0,1,0,0.000002,0.042108,0.000211284,0.001223905,0.001587807,0.003271548,1,1,1,1,1,20,136,0,5792,232.1985,0,0,0,0,0,5792,610.6735,0,3.011043,11.21313,0.5,58.5,1.696143,0.5,0.5,1.5,1,0.5,58,3.076396,0.7413,6.315441,62.09971,Bittorrent
A,1,9.996422,6,5348,9006,1230888,26775250,0,5574,230.1586,587.936,0,0.047723,0.001869188,0.003238759,534.9915,123132.9,-0.2548419,-0.9120987,1,4,64,64,0,282444525,5348,1230888,0,4859,26775250,0,24567,24543.93,24225,24567,2508,2360,3398,0,5348,16044,0,1,0,0.000002,0.028266,0.000201053,0.001083032,0,-1,1,1,2,2,2,20,131,0,5574,230.1586,0,0,0,0,0,5574,588.7137,0,2.78445,8.971978,0.5,47.5,2.051898,0.5,0.5,2.5,2,0.5,47,3.158322,1.4826,4.482154,32.69163,Bittorrent
B,1,9.994563,6,9006,5348,26775250,1230888,0,33304,2973.046,2543.2,0,0.033249,0.00110977,0.002505222,901.0899,2678982,0.2548419,0.9120987,1,23,42,42,0,422553741,9006,26772354,0,712,1228644,0,8999,8998.999,8963,8999,276,276,533,0,9006,27018,0,1,0,0.000003,0.047661,0.001737353,0.003308986,0.001938406,0.003481716,1,1,1,1,1,20,187,0,33304,2973.046,1448,2896,2896,1448,1448,33304,2544.042,1073.402,3.0774,14.34399,0.5,33.5,1.418823,0.5,0.5,1.5,1,0.5,33,2.39464,0.7413,4.739904,32.12083,Bittorrent
A,1,9.982095,6,12294,6830,35229184,1615042,0,46336,2865.559,2387.66,0,0.066628,0.000811949,0.002255429,1231.605,3529238,0.2857143,0.9123315,1,32,42,42,0,575945263,12294,35226288,0,894,1631694,0,8999,8987.637,8936,8999,394,397,749,0,12294,36882,0,1,0,0.000001,0.08256,0.001516308,0.004142077,0,-1,1,1,2,2,2,20,190,0,46336,2865.559,1448,2896,2896,1448,1448,46336,2388.666,1073.402,3.931552,29.2812,0.5,66.5,1.147523,0.5,0.5,0.5,0,0.5,66,2.152381,0,8.410826,134.0412,Bittorrent
B,1,9.982049,6,6830,12294,1615042,35229184,0,4344,236.463,602.8817,0,0.082587,0.001461501,0.003257941,684.2283,161794.6,-0.2857143,-0.9123315,1,3,64,64,0,289505309,6830,1615042,0,6227,35226288,0,24557,24503.61,24091,24567,3374,2947,4364,0,6830,20490,0,1,0,0.000001,0.027153,0.000178231,0.000834829,0.001694538,0.004225369,1,1,1,1,1,20,139,0,4344,236.463,0,0,0,0,0,4344,603.278,0,2.723613,8.006453,0.5,82.5,1.665764,0.5,0.5,1.5,1,0.5,82,3.186875,0.7413,8.075923,114.7085,Bittorrent
A,1,9.999006,6,11278,6181,29551304,1366876,0,37648,2620.261,1782.002,0,0.041066,0.000886595,0.002302904,1127.912,2955424,0.2919411,0.9115811,1,26,42,42,0,712551569,11278,29549856,0,756,1367498,8,8999,8998.782,8765,8999,308,304,581,0,11278,34269,0,1,0,0.000001,0.058542,0.001510263,0.003466734,0,-1,1,1,2,2,2,20,203,0,37648,2620.261,1448,2896,2896,1448,1448,37648,1782.407,1073.402,3.353496,25.88284,0.5,41.5,1.219429,0.5,0.5,0.5,0,0.5,41,2.185287,0,5.843591,52.81406,Bittorrent
B,1,9.998835,6,6181,11278,1366876,29551304,0,4344,221.1416,580.332,0,0.058741,0.001617673,0.003188533,618.1721,136703.5,-0.2919411,-0.9115811,1,3,64,64,0,295771303,6180,1403076,0,5631,29548408,0,24565,24541.04,23013,24567,3030,2735,4075,0,6181,18543,0,1,0,0.000002,0.02279,0.000181621,0.000869936,0.001691884,0.003574218,1,1,1,1,1,20,130,0,4344,221.1416,0,0,0,0,0,4344,580.6356,0,2.842313,9.053745,0.5,58.5,1.816667,0.5,0.5,1.5,1,0.5,58,3.098253,0.7413,5.716494,56.46463,Bittorrent
A,1,9.999484,6,6864,11640,1580514,34003526,0,4344,230.2614,576.9931,0,0.056276,0.001456798,0.002608802,686.4354,158059.6,-0.2581064,-0.9111673,1,3,64,64,0,276427711,6864,1579066,0,6212,34003526,0,24562,24536.98,24066,24567,3300,2960,4358,0,6864,20592,0,1,0,0.000002,0.023514,0.000179525,0.000777904,0,-1,1,1,2,2,2,20,124,0,4344,230.2614,0,0,0,0,0,4344,577.28,0,2.536443,6.414108,0.5,56.5,1.643523,0.5,0.5,1.5,1,0.5,56,2.522693,0.7413,6.70301,82.97873,Bittorrent
B,1,9.999439,6,11640,6864,34003526,1580514,0,33304,2921.265,2425.684,0,0.033801,0.000859059,0.001930562,1164.065,3400544,0.2581064,0.9111673,1,23,42,42,0,292414105,11640,34000630,0,919,1566576,0,8999,8998.999,8963,8999,324,319,623,0,11640,34920,0,1,0,0.000002,0.056242,0.001351172,0.002770611,0.001530697,0.002877746,1,1,1,1,1,20,185,0,33304,2921.265,1448,2896,2896,1448,1448,33304,2426.258,1073.402,3.220154,16.63869,0.5,33.5,1.176261,0.5,0.5,1.5,1,0.5,33,1.808216,0.7413,5.479889,46.25758,Bittorrent
A,1,9.974381,6,11007,6456,34380492,1576022,0,49232,3123.511,2897.058,0,0.041675,0.000906185,0.002199072,1103.527,3446880,0.2606081,0.9123374,1,34,42,42,0,646404543,11007,34379044,0,881,1571120,0,8999,8998.999,8927,8999,328,325,633,0,11007,33021,0,1,0,0.000001,0.073431,0.001531263,0.003394154,0,-1,1,1,2,2,2,20,193,0,49232,3123.511,1448,2896,2896,1448,1448,49232,2898.096,1073.402,3.553164,22.12127,0.5,41.5,1.214701,0.5,0.5,1.5,1,0.5,41,2.091852,0.7413,6.136804,57.18137,Bittorrent
B,1,9.953161,6,6456,11007,1576022,34380492,0,4344,244.1174,614.0104,0,0.073464,0.001541692,0.003021085,648.6381,158343.9,-0.2606081,-0.9123374,1,3,64,64,0,292712303,6456,1574574,0,5810,34373252,0,24543,24551.82,23702,24567,3090,2779,4055,0,6456,19368,0,1,0,0.000002,0.021084,0.000195069,0.000864149,0.001726332,0.003502433,1,1,1,1,1,20,131,0,4344,244.1174,0,0,0,0,0,4344,614.3574,0,2.769728,8.801493,0.5,73.5,1.721534,0.5,0.5,1.5,1,0.5,73,2.950086,0.7413,7.197341,95.43067,Bittorrent
A,1,9.993869,6,11242,6527,32409034,1517876,0,31856,2882.853,2380.614,0,0.035661,0.000888975,0.002128706,1124.89,3242892,0.2653498,0.9105208,1,22,42,42,0,390144707,11242,32406138,0,870,1516566,0,8999,8998.999,8963,8999,370,367,709,0,11242,33726,0,1,0,0.000002,0.062197,0.001397923,0.002886143,0,-1,1,1,2,2,2,20,185,0,31856,2882.853,1448,2896,2896,1448,1448,31856,2381.732,1073.402,3.461349,19.87166,0.5,35.5,1.210346,0.5,0.5,1.5,1,0.5,35,2.016323,0.7413,5.641924,45.81309,Bittorrent
B,1,9.993842,6,6527,11242,1517876,32409034,0,4344,232.5534,586.3265,0,0.062227,0.001531156,0.002831929,653.1022,151881.1,-0.2653498,-0.9105208,1,3,64,64,0,280926649,6527,1517876,0,5929,32407586,0,24557,24392.48,23922,24567,3087,2825,4111,0,6527,19581,0,1,0,0.000002,0.019656,0.000192379,0.000882873,0.001590301,0.00301816,1,1,1,1,1,20,133,0,4344,232.5534,0,0,0,0,0,4344,586.7127,0,2.619357,7.200377,0.5,62.5,1.722035,0.5,0.5,1.5,1,0.5,62,2.750389,0.7413,6.314351,72.37949,Bittorrent
A,1,9.981427,6,11146,6313,35230096,1591952,0,65160,3160.784,3096.078,0,0.06844,0.000895518,0.002624846,1116.674,3529565,0.27682,0.9135327,1,45,42,42,0,611174447,11146,35230096,0,802,1574482,0,8990,8989.588,8936,8999,375,373,713,0,11146,33438,0,1,0,0.000002,0.060847,0.001577524,0.003856061,0,-1,1,1,2,2,2,20,205,0,65160,3160.784,1448,2896,2896,1448,1448,65160,3097.639,1073.402,3.994867,31.02025,0.5,68.5,1.215926,0.5,0.5,0.5,0,0.5,68,2.533668,0,8.223032,109.3848,Bittorrent
B,1,9.981404,6,6313,11146,1591952,35230096,0,5792,252.1704,660.1184,0,0.060894,0.001581088,0.003701207,632.4761,159491.8,-0.27682,-0.9135327,1,4,64,64,0,291120351,6313,1591738,0,5703,35222856,0,24536,24548.16,23566,24567,3026,2703,3955,0,6313,18939,0,1,0,0.000002,0.043032,0.000203568,0.001111179,0.001781092,0.00401297,1,1,1,1,1,20,148,0,5792,252.1704,0,0,0,0,0,5792,660.634,0,3.123246,11.93954,0.5,60.5,1.774715,0.5,0.5,1.5,1,0.5,60,3.639508,0.7413,6.591804,60.08549,Bittorrent
A,1,9.994335,6,8344,14360,2811632,43787006,0,5792,336.9645,883.4976,0,0.031953,0.001197787,0.002109959,834.8729,281322.6,-0.2649753,-0.8793256,1,4,64,64,0,314989035,8344,2811632,0,7447,43785558,0,24567,24546.53,23804,24567,4011,3497,5156,0,8344,25032,0,1,0,0.000001,0.015103,0.000213087,0.000807921,0,-1,1,1,2,2,2,20,130,0,5792,336.9645,0,0,0,0,0,5792,883.9958,0,3.278552,12.05528,0.5,31.5,1.383375,0.5,0.5,1.5,1,0.5,31,2.029911,0.7413,4.96035,37.14125,Bittorrent
B,1,9.992705,6,14360,8344,43787006,2811632,0,47784,3049.235,2951.922,0,0.040709,0.000695872,0.001698687,1437.048,4381897,0.2649753,0.8793256,1,33,42,42,0,1117434913,14360,43785558,0,1261,2791122,0,8999,8998.999,8891,8999,648,617,1135,0,14360,43080,0,1,0,0.000001,0.031894,0.001163101,0.002411603,0.001376187,0.002543337,1,1,1,1,1,20,187,0,47784,3049.235,1448,2896,2896,1448,1448,47784,2952.472,1073.402,4.023582,27.71358,0.5,40.5,1.009576,0.5,0.5,0.5,0,0.5,40,1.592625,0,6.832562,77.01321,Bittorrent
A,1,9.986121,6,7999,4664,21784704,950050,0,36200,2723.428,1996.325,0,0.048692,0.00124842,0.003392186,801.0117,2181498,0.2633657,0.9164231,1,25,42,42,0,1038240621,7999,21781808,0,542,969222,0,8999,8998.999,8963,8999,246,241,457,0,7999,23997,0,1,0,0.000004,0.083134,0.002143335,0.005244758,0,-1,1,1,2,2,2,20,213,0,36200,2723.428,1448,2896,2896,1448,1448,36200,1997.323,1073.402,3.204111,20.95482,0.5,48.5,1.544761,0.5,0.5,0.5,0,0.5,48,3.299557,0,5.494868,40.74908,Bittorrent
B,1,9.98547,6,4664,7999,950050,21784704,0,4344,203.6985,546.3922,0,0.095778,0.002140965,0.004966215,467.0787,95143.24,-0.2633657,-0.9164231,1,3,64,64,0,310922609,4664,950050,0,4280,21781808,0,24551,24539.94,24170,24567,2150,2093,3053,0,4664,13992,0,1,0,0.000002,0.024345,0.000183051,0.000963709,0.002326385,0.005332563,1,1,1,1,1,20,142,0,4344,203.6985,0,0,0,0,0,4344,546.843,0,2.846321,8.883685,0.5,95.5,2.310423,0.5,0.5,1.5,1,0.5,95,4.913984,0.7413,6.36402,64.93681,Bittorrent
A,1,9.9891,6,4243,2564,12136478,556328,0,28960,2860.353,2320.594,0,0.088288,0.002354248,0.006119462,424.763,1214972,0.2466578,0.9123396,1,20,42,42,0,1072829455,4243,12133582,0,335,557864,0,8999,8998.993,8972,8999,146,141,275,0,4243,12729,0,1,0,0.000005,0.120657,0.004074404,0.009356069,0,-1,1,1,2,2,2,20,212,0,28960,2860.353,1448,1448,2896,1448,1448,28960,2322.502,1073.402,2.774644,12.72801,0.5,88.5,2.620934,0.5,0.5,1.5,1,0.5,88,6.031102,0.7413,6.0479,53.36215,Bittorrent
B,1,9.989027,6,2564,4243,556328,12136478,0,4344,216.9766,527.6553,0,0.120685,0.003895875,0.008715599,256.6817,55693.91,-0.2466578,-0.9123396,1,3,64,64,0,312448193,2564,554880,0,2342,12124894,1,24492,24545.28,24110,24567,1155,1155,1592,0,2564,7692,0,1,0,0.000002,0.042429,0.000343945,0.002463737,0.004418349,0.009675021,1,1,1,1,1,20,150,0,4344,216.9766,0,0,0,0,0,4344,528.3389,0,2.318757,4.937084,0.5,120.5,4.032578,0.5,1.5,3.5,3,0.5,120,8.665482,2.2239,5.594968,44.15193,Bittorrent
A,1,9.997903,6,5616,9274,1251990,26736074,0,5792,222.9327,577.6407,0,0.035134,0.001780252,0.002845526,561.7178,125225.3,-0.2456682,-0.910534,1,4,64,64,0,299003753,5616,1251990,0,5003,26736074,137,24567,24527.2,21073,24567,2525,2390,3466,0,5616,17274,0,1,0,0.000001,0.025912,0.000182677,0.000827621,0,-1,1,1,2,2,2,20,124,0,5792,222.9327,0,0,0,0,0,5792,578.0975,0,3.004095,12.43624,0.5,35.5,1.946304,0.5,0.5,2.5,2,0.5,35,2.765556,1.4826,4.383326,29.96373,Bittorrent
B,1,9.996945,6,9274,5616,26736074,1251990,0,31856,2882.906,2348.344,0,0.03556,0.001077953,0.002277086,927.6833,2674424,0.2456682,0.910534,1,22,42,42,0,782729765,9272,27189992,2,756,1258884,0,8990,8993.072,8936,8999,246,243,478,0,9274,27822,0,1,0,0.000001,0.035076,0.001671694,0.002857465,0.001854371,0.002974906,1,1,1,1,1,20,183,0,31856,2882.906,1448,1448,2896,1448,1448,31856,2350.501,1073.402,2.85454,12.69324,0.5,35.5,1.373072,0.5,0.5,1.5,1,0.5,35,2.16539,0.7413,4.836384,35.69936,Bittorrent
A,1,9.998611,6,10912,6296,33532218,1571904,0,59368,3072.967,2910.202,0,0.056162,0.000916294,0.002525985,1091.352,3353688,0.2682473,0.9104434,1,41,42,42,0,940187641,10912,33530770,0,826,1566344,0,8999,8998.987,8864,8999,409,392,757,0,10912,32736,0,1,0,0.000001,0.056826,0.001560492,0.003885087,0,-1,1,1,2,2,2,20,203,0,59368,3072.967,1448,2896,2896,1448,1448,59368,2911.136,1073.402,4.193095,35.45803,0.5,56.5,1.231097,0.5,0.5,0.5,0,0.5,56,2.425669,0,7.039061,77.34571,Bittorrent
B,1,9.998555,6,6296,10912,1571904,33532218,0,4344,249.6671,629.4166,0,0.056838,0.001588083,0.003500573,629.691,157213.1,-0.2682473,-0.9104434,1,3,64,64,0,306365307,6296,1571904,0,5724,33526426,0,24547,24533.35,23808,24567,3082,2704,4005,0,6296,18888,0,1,0,0.000001,0.051473,0.000226939,0.001247645,0.001787431,0.004080505,1,1,1,1,1,20,140,0,4344,249.6671,0,0,0,0,0,4344,629.8685,0,2.790448,8.806483,0.5,56.5,1.773391,0.5,0.5,1.5,1,0.5,56,3.42982,0.7413,6.709199,67.75699,Bittorrent
A,1,9.997736,6,11341,6655,32733650,1533722,0,40544,2886.311,2455.707,0,0.03603,0.000881557,0.002046789,1134.357,3274106,0.2603912,0.910485,1,28,42,42,0,907453991,11341,32730754,0,848,1524158,0,8999,8998.999,8909,8999,340,340,649,0,11341,34023,0,1,0,0.000002,0.063944,0.001385973,0.002770404,0,-1,1,1,2,2,2,20,180,0,40544,2886.311,1448,2896,2896,1448,1448,40544,2456.193,1073.402,3.624965,23.69359,0.5,36.5,1.18686,0.5,0.5,0.5,0,0.5,36,1.932521,0,5.508429,46.06877,Bittorrent
B,1,9.986104,6,6655,11341,1533722,32733650,0,5792,230.4616,600.6838,0,0.063961,0.001500543,0.002801855,666.4261,153585.6,-0.2603912,-0.910485,1,4,64,64,0,304831585,6655,1533722,0,6057,32729306,0,24555,24539.12,24104,24567,3060,2918,4233,0,6655,19965,0,1,0,0.000002,0.02045,0.000167998,0.000741876,0.001553971,0.002868016,1,1,1,1,1,20,133,0,5792,230.4616,0,0,0,0,0,5792,601.0125,0,2.920966,10.11958,0.5,63.5,1.685001,0.5,0.5,1.5,1,0.5,63,2.730967,0.7413,6.455562,77.1527,Bittorrent
A,1,9.999314,6,10983,6290,30724660,1446382,0,33352,2797.474,2301.875,0,0.047648,0.000910437,0.002293555,1098.375,3072677,0.2716957,0.9100817,1,24,42,42,0,876729331,10981,31032474,2,803,1459992,0,8999,8998.999,8936,8999,334,326,625,0,10983,32949,0,1,0,0.000001,0.0629,0.001538294,0.003595631,0,-1,1,1,2,2,2,20,189,0,33352,2797.474,1448,1448,2896,1448,1448,33352,2302.948,1073.402,3.47263,20.86367,0.5,47.5,1.233382,0.5,0.5,0.5,0,0.5,47,2.187282,0,6.449786,71.29546,Bittorrent
B,1,9.999252,6,6290,10983,1446382,30724660,0,5792,229.9494,599.2085,0,0.062977,0.001589705,0.003148018,629.0471,144649,-0.2716957,-0.9100817,1,4,64,64,0,303385203,6290,1446382,0,5623,30715972,104,24518,24532.58,22294,24567,2939,2725,3981,0,6290,19197,0,1,0,0.000002,0.037147,0.000189825,0.000966923,0.001728119,0.003723372,1,1,1,1,1,20,129,0,5792,229.9494,0,0,0,0,0,5792,599.5921,0,2.924254,10.18629,0.5,62.5,1.782557,0.5,0.5,1.5,1,0.5,62,3.072877,0.7413,6.629605,77.90447,Bittorrent
A,1,9.997877,6,11040,6667,34819894,1616974,0,63712,3153.976,2938.665,0,0.059092,0.000905604,0.002400968,1104.234,3482729,0.2469645,0.9112452,1,44,42,42,0,841909437,11040,34811206,0,890,1619284,0,8999,8998.934,8963,8999,347,357,677,0,11040,33120,0,1,0,0.000002,0.0779,0.00143833,0.003587665,0,-1,1,1,2,2,2,20,190,0,63712,3153.976,1448,2896,2896,1448,1448,63712,2939.886,1073.402,3.701505,30.12408,0.5,59.5,1.21175,0.5,0.5,1.5,1,0.5,59,2.305386,0.7413,8.993148,138.5354,Bittorrent
B,1,9.996658,6,6667,11040,1616974,34819894,0,5792,242.534,626.2275,0,0.077921,0.001499421,0.003367885,666.9229,161751.5,-0.2469645,-0.9112452,1,4,64,64,0,301768229,6667,1616974,0,6045,34816998,0,24566,24515.42,24032,24567,3161,2859,4114,0,6667,20001,0,1,0,0.000002,0.026283,0.000192,0.00095061,0.00163033,0.003711468,1,1,1,1,1,20,139,0,5792,242.534,0,0,0,0,0,5792,626.606,0,3.01895,11.60956,0.5,77.5,1.688419,0.5,0.5,1.5,1,0.5,77,3.30017,0.7413,8.35585,110.7116,Bittorrent
A,1,9.987501,6,4620,2569,12363984,551366,0,23168,2676.187,1821.52,0,0.101453,0.002161799,0.005979049,462.5782,1237946,0.285297,0.9146185,1,16,42,42,0,1194980277,4620,12363984,0,322,546668,0,8999,8996.299,8972,8999,149,147,284,0,4620,13860,0,1,0,0.000003,0.089866,0.003916455,0.008716317,0,-1,1,1,2,2,2,20,214,0,23168,2676.187,1448,2896,2896,1448,1448,23168,1822.734,1073.402,2.463063,12.03737,0.5,101.5,2.472721,0.5,0.5,1.5,1,0.5,101,5.876905,0.7413,5.996624,53.39933,Bittorrent
B,1,9.978147,6,2569,4620,551366,12363984,0,2896,214.6228,512.2224,0,0.089943,0.003884058,0.008430034,257.4626,55257.36,-0.285297,-0.9146185,1,2,64,64,0,319758535,2569,549918,0,2336,12359640,0,24543,24555.44,24345,24567,1249,1143,1663,0,2569,7707,0,1,0,0.000002,0.044855,0.000511558,0.003322497,0.004428012,0.009328085,1,1,1,1,1,20,155,0,2896,214.6228,0,0,0,0,0,2896,512.8647,0,2.111879,2.999807,0.5,89.5,4.05218,0.5,1.5,3.5,3,0.5,89,8.356701,2.2239,4.687341,29.93451,Bittorrent
A,1,9.997087,6,12124,6852,34809180,1589862,0,62264,2871.097,2629.54,0,0.047888,0.000824571,0.002239833,1212.753,3481932,0.2778246,0.9126427,1,43,42,42,0,973719859,12117,37005940,7,864,1586186,0,8999,8998.999,8909,8999,408,397,769,0,12124,36372,0,1,0,0,0.050692,0.001459253,0.003374386,0,-1,1,1,2,2,2,20,189,0,62264,2871.097,1448,1448,2896,1448,1448,62264,2633.046,1073.402,4.810915,47.39505,0.5,47.5,1.150912,0.5,0.5,0.5,0,0.5,47,2.13577,0,6.480549,64.67012,Bittorrent
B,1,9.993299,6,6852,12124,1589862,34809180,0,5792,232.0289,618.8273,0,0.050729,0.001458452,0.003044292,685.6595,159092.8,-0.2778246,-0.9126427,1,4,64,64,0,307937211,6852,1588414,0,6029,34804836,218,24562,24526.47,20385,24567,3191,2923,4267,0,6852,21234,0,1,0,0.000002,0.018838,0.000193796,0.000889767,0.001653049,0.003489723,1,1,1,1,1,20,131,0,5792,232.0289,0,0,0,0,0,5792,619.3109,0,3.127841,12.18629,0.5,50.5,1.663188,0.5,0.5,1.5,1,0.5,50,2.967452,0.7413,5.384396,43.61915,Bittorrent
A,1,9.997946,6,7045,12606,1512486,32443598,0,4344,214.6893,576.2105,0,0.068117,0.001419152,0.002872442,704.6448,151279.7,-0.2829881,-0.9109152,1,3,64,64,0,300255743,7045,1512486,0,6289,32443598,135,24567,24536,21812,24567,3251,3081,4436,0,7045,21555,0,1,0,0.000002,0.03273,0.000172969,0.000854083,0,-1,1,1,2,2,2,20,128,0,4344,214.6893,0,0,0,0,0,4344,576.5887,0,2.938375,9.815489,0.5,68.5,1.613714,0.5,0.5,1.5,1,0.5,68,2.794995,0.7413,6.915789,87.59251,Bittorrent
B,1,9.997743,6,12606,7045,32443598,1512486,0,41992,2573.663,1804.984,0,0.039586,0.000793094,0.002081509,1260.885,3245092,0.2829881,0.9109152,1,29,42,42,0,809465839,12605,32809746,1,866,1507048,0,8999,8998.999,8927,8999,351,346,663,0,12606,37818,0,1,0,0.000001,0.067891,0.001297081,0.002869104,0.001470049,0.002993529,1,1,1,1,1,20,170,0,41992,2573.663,1448,1448,2896,1448,1448,41992,1805.605,1073.402,3.756715,34.85962,0.5,39.5,1.125228,0.5,0.5,0.5,0,0.5,39,1.978213,0,6.292049,59.44852,Bittorrent
A,1,9.999852,6,6285,10735,1449646,31654488,0,5792,230.6517,611.8795,0,0.134389,0.001591065,0.004111796,628.5093,144966.8,-0.2614571,-0.912419,1,4,64,64,0,297555555,6284,1479212,1,5619,31654488,99,24558,24514.58,22141,24567,2947,2715,3993,0,6285,19158,0,1,0,0.000002,0.036071,0.000185466,0.001032509,0,-1,1,1,2,2,2,20,135,0,5792,230.6517,0,0,0,0,0,5792,612.2195,0,3.079187,11.84684,0.5,134.5,1.7831,0.5,0.5,1.5,1,0.5,134,4.052327,0.7413,12.99412,296.2932,Bittorrent
B,1,9.995481,6,10735,6285,31654488,1449646,0,30408,2948.718,2470.228,0,0.134355,0.00093111,0.002863808,1073.985,3166880,0.2614571,0.912419,1,21,42,42,0,751075277,10731,31983884,4,769,1439764,8,8999,8998.993,8801,8999,280,281,539,0,10735,32367,0,1,0,0.000001,0.134319,0.00153093,0.004167971,0.001716396,0.004293956,1,1,1,1,1,20,201,0,30408,2948.718,1448,2896,2896,1448,1448,30408,2471.564,1073.402,2.974781,14.0427,0.5,134.5,1.244457,0.5,0.5,0.5,0,0.5,134,2.776598,0,16.73064,584.9612,Bittorrent
A,1,9.995954,6,11524,6266,33758358,1957868,0,65160,2929.396,2816.903,0,0.095057,0.000867402,0.003174764,1152.866,3377202,0.2955593,0.8903655,1,45,42,42,0,1161221919,11524,33756910,0,868,2007718,0,8999,8998.352,8810,8999,454,435,813,0,11524,34572,0,1,0,0.000002,0.136051,0.001504187,0.005151162,0,-1,1,1,2,2,2,20,218,0,65160,2929.396,1448,2896,2896,1448,1448,65160,2817.443,1073.402,5.406388,62.62503,0.5,95.5,1.200338,0.5,0.5,0.5,0,0.5,95,3.096104,0,11.2002,194.3498,Bittorrent
B,1,9.996055,6,6266,11524,1957868,33758358,0,5792,312.459,860.0458,0,0.136078,0.001595282,0.004751239,626.8473,195864.1,-0.2955593,-0.8903655,1,4,64,64,0,317800667,6266,1956420,0,5666,33755462,0,24558,24529.42,23352,24567,3053,2701,4000,0,6266,18798,0,1,0,0.000002,0.041599,0.000234179,0.001345539,0.001738367,0.005323997,1,1,1,1,1,20,150,0,5792,312.459,0,0,0,0,0,5792,860.5496,0,3.445249,13.2326,0.5,136.5,1.795292,0.5,0.5,1.5,1,0.5,136,4.698437,0.7413,11.84315,231.9517,Bittorrent
A,1,9.998448,6,10420,6230,29711582,1395536,0,34752,2851.399,2196.758,0,0.067542,0.000959543,0.002564785,1042.162,2971619,0.2516516,0.9102755,1,24,42,42,0,1008529039,10420,29707238,0,767,1390042,0,8999,8995.851,8945,8999,343,327,637,0,10420,31260,0,1,0,0.000002,0.083022,0.001538748,0.003799093,0,-1,1,1,2,2,2,20,188,0,34752,2851.399,1448,2896,2896,1448,1448,34752,2197.74,1073.402,3.203934,20.51113,0.5,67.5,1.260246,0.5,0.5,0.5,0,0.5,67,2.474192,0,7.988773,111.2714,Bittorrent
B,1,9.998857,6,6230,10420,1395536,29711582,0,5792,224.0026,600.0208,0,0.083056,0.001604953,0.003561803,623.0712,139569.6,-0.2516516,-0.9102755,1,4,64,64,0,309527073,6230,1394088,0,5643,29702894,0,24534,24554.52,23001,24567,2865,2780,4053,0,6230,18690,0,1,0,0.000002,0.034309,0.000207403,0.001095578,0.00174615,0.00395391,1,1,1,1,1,20,137,0,5792,224.0026,0,0,0,0,0,5792,600.4514,0,3.110265,12.06786,0.5,83.5,1.77693,0.5,0.5,1.5,1,0.5,83,3.503171,0.7413,9.714603,161.9057,Bittorrent
A,1,9.996757,6,5214,2973,12804130,575534,0,24616,2455.721,1441.851,0,0.074042,0.001917289,0.005289593,521.5692,1280828,0.2737266,0.9139689,1,17,42,42,0,1060025325,5214,12804130,0,348,574722,0,8999,8994.83,8972,8999,143,142,276,0,5214,15642,0,1,0,0.000004,0.078156,0.003590466,0.008699612,0,-1,1,1,2,2,2,20,218,0,24616,2455.721,1448,1448,2896,1448,1448,24616,1442.571,1073.402,2.709055,21.11679,0.5,74.5,2.206503,0.5,0.5,1.5,1,0.5,74,5.202664,0.7413,5.330342,38.29263,Bittorrent
B,1,9.974623,6,2973,5214,575534,12804130,0,2896,193.5869,496.2362,0,0.078298,0.003355068,0.007666901,298.0564,57699.83,-0.2737266,-0.9139689,1,2,64,64,0,311872659,2973,575392,0,2747,12801234,0,24564,24556.37,24301,24567,1340,1390,1994,0,2973,8919,0,1,0,0.000002,0.038259,0.000259378,0.001755226,0.003849844,0.008874912,1,1,1,1,1,20,154,0,2896,193.5869,0,0,0,0,0,2896,496.7585,0,2.380345,4.541607,0.5,78.5,3.507403,0.5,0.5,2.5,2,0.5,78,7.617626,1.4826,4.770961,29.50005,Bittorrent
A,1,9.995792,6,10808,6377,32468980,1984514,0,57920,3004.162,3009.215,0,0.032459,0.000924852,0.002130494,1081.255,3248265,0.2578411,0.8848004,1,40,42,42,0,1084965933,10808,32466084,0,943,1949592,0,8999,8998.918,8918,8999,420,415,773,0,10808,32424,0,1,0,0.000003,0.033312,0.001497229,0.002794792,0,-1,1,1,2,2,2,20,199,0,57920,3004.162,1448,1448,2896,1448,1448,57920,3010.114,1073.402,4.933569,43.98251,0.5,32.5,1.225086,0.5,0.5,1.5,1,0.5,32,2.017603,0.7413,5.24198,39.72191,Bittorrent
B,1,9.995863,6,6377,10808,1984514,32468980,0,5792,311.1987,814.6517,0,0.03334,0.001567484,0.002736705,637.9639,198533.5,-0.2578411,-0.8848004,1,4,64,64,0,313004521,6377,1984514,0,5673,32464636,0,24544,24477.64,23752,24567,2990,2742,4044,0,6377,19131,0,1,0,0.000002,0.017379,0.00022433,0.000899582,0.001721559,0.002936002,1,1,1,1,1,20,134,0,5792,311.1987,0,0,0,0,0,5792,814.9647,0,3.387131,13.58617,0.5,33.5,1.737767,0.5,0.5,1.5,1,0.5,33,2.658012,0.7413,4.509234,30.08356,Bittorrent
A,1,0.365039,6,151,97,425968,19168,0,10136,2820.98,1713.66,0,0.036782,0.002417477,0.004612758,413.6544,1166911,0.2177419,0.913878,1,7,42,42,0,1207344261,151,420176,0,19,27574,0,8999,8998.999,8990,8999,6,6,11,0,151,453,0,1,0,0.00001,0.038947,0.003436563,0.005705458,0,-1,1,1,2,2,2,20,34,0,10136,2820.98,1448,2896,2896,1448,1448,10136,1757.79,1073.402,1.577692,2.523302,0.5,36.5,2.686666,0.5,0.5,3.5,3,0.5,36,4.557444,2.2239,4.022715,21.87038,Bittorrent
B,1,0.364937,6,97,151,19168,425968,0,1448,197.6082,474.3689,0,0.038983,0.003762237,0.006246208,265.7993,52524.13,-0.2177419,-0.913878,1,1,64,64,0,320309901,97,19168,0,88,417280,0,24556,24549.04,24441,24567,40,47,65,0,97,291,0,1,0,0.000002,0.006161,0.000195371,0.000799615,0.003631934,0.005761218,1,1,1,1,1,20,24,0,1448,197.6082,0,0,0,0,0,1448,481.5211,0,2.131073,2.673833,0.5,38.5,3.916667,0.5,1.5,4.5,4,0.5,38,6.303995,2.9652,3.749457,16.33405,Bittorrent
